Date,Open,High,Low,Close,Volume,Adj Close
2016-10-18,8.26,8.37,8.21,8.33,1418400,8.33
2016-10-17,8.25,8.29,8.22,8.23,1497100,8.23
2016-10-14,8.25,8.27,8.18,8.23,2419400,8.23
2016-10-13,8.15,8.28,8.13,8.25,2295300,8.25
2016-10-12,8.10,8.21,8.04,8.16,2156800,8.16
2016-10-11,8.05,8.12,8.04,8.11,2491200,8.11
2016-10-10,8.00,8.10,8.00,8.09,1612800,8.09
2016-10-07,7.95,8.02,7.93,7.99,3530800,7.99
2016-10-06,8.00,8.02,7.91,7.91,4155100,7.91
2016-10-05,8.10,8.15,7.97,8.00,4807300,8.00
2016-10-04,8.30,8.35,8.09,8.11,4952600,8.11
2016-10-03,8.53,8.55,8.35,8.35,3650800,8.35
2016-09-30,8.59,8.62,8.53,8.53,2664100,8.53
2016-09-29,8.64,8.65,8.53,8.57,1902900,8.57
2016-09-28,8.65,8.68,8.53,8.62,2913800,8.62
2016-09-27,8.90,8.92,8.85,8.87,1748500,8.64
2016-09-26,8.91,8.97,8.86,8.87,1781300,8.64
2016-09-23,8.93,8.96,8.87,8.91,1368000,8.678963
2016-09-22,8.94,9.01,8.90,8.97,1674300,8.737407
2016-09-21,8.82,8.93,8.75,8.91,1618000,8.678963
2016-09-20,8.82,8.85,8.79,8.79,1659400,8.562074
2016-09-19,8.73,8.86,8.73,8.79,2237100,8.562074
2016-09-16,8.78,8.82,8.71,8.71,3486800,8.484149
2016-09-15,8.76,8.88,8.71,8.85,1256700,8.620519
2016-09-14,8.73,8.84,8.70,8.76,1726500,8.532852
2016-09-13,8.90,8.90,8.70,8.70,2111400,8.474408
2016-09-12,8.75,8.99,8.70,8.92,2669700,8.688704
2016-09-09,9.06,9.07,8.80,8.80,2862300,8.571815
2016-09-08,9.14,9.14,9.07,9.09,1146300,8.854295
2016-09-07,9.05,9.18,9.05,9.15,1773500,8.912739
2016-09-06,9.00,9.14,8.96,9.07,2269200,8.834814
2016-09-02,8.94,9.07,8.89,9.05,1889900,8.815333
2016-09-01,8.95,8.95,8.81,8.87,1223400,8.64
2016-08-31,8.91,8.92,8.80,8.90,2079500,8.669222
2016-08-30,8.88,8.94,8.85,8.92,1654500,8.688704
2016-08-29,8.85,8.92,8.85,8.89,1329300,8.659482
2016-08-26,8.96,8.99,8.79,8.83,2576400,8.601037
2016-08-25,8.99,9.00,8.91,8.95,2262600,8.717925
2016-08-24,9.06,9.07,8.93,8.96,2208700,8.727666
2016-08-23,9.00,9.06,8.97,9.05,1220200,8.815333
2016-08-22,8.98,9.00,8.94,8.97,636600,8.737407
2016-08-19,8.99,9.00,8.92,8.98,920000,8.747147
2016-08-18,8.97,9.06,8.94,8.99,1521500,8.756888
2016-08-17,8.92,8.99,8.87,8.98,2015700,8.747147
2016-08-16,8.96,8.97,8.90,8.93,1528200,8.698444
2016-08-15,8.98,9.03,8.96,8.96,1183900,8.727666
2016-08-12,9.04,9.07,9.00,9.01,1400300,8.77637
2016-08-11,9.03,9.03,8.95,8.98,1555200,8.747147
2016-08-10,8.92,9.02,8.91,9.02,2649800,8.786111
2016-08-09,8.90,8.94,8.88,8.94,2197600,8.708184
2016-08-08,8.98,8.99,8.91,8.91,1585200,8.678963
2016-08-05,8.88,8.97,8.85,8.96,2118500,8.727666
2016-08-04,8.80,8.84,8.69,8.84,1416400,8.610778
2016-08-03,8.65,8.78,8.62,8.78,1112200,8.552333
2016-08-02,8.77,8.81,8.62,8.66,1618800,8.435445
2016-08-01,8.74,8.83,8.73,8.80,1628300,8.571815
2016-07-29,8.67,8.75,8.67,8.75,1142800,8.523112
2016-07-28,8.68,8.71,8.64,8.69,1721800,8.464667
2016-07-27,8.68,8.72,8.61,8.70,1271400,8.474408
2016-07-26,8.72,8.75,8.68,8.69,1276800,8.464667
2016-07-25,8.73,8.75,8.69,8.72,971600,8.49389
2016-07-22,8.70,8.75,8.66,8.73,947500,8.50363
2016-07-21,8.67,8.71,8.64,8.69,1171600,8.464667
2016-07-20,8.66,8.67,8.60,8.65,1380000,8.425704
2016-07-19,8.57,8.65,8.56,8.65,1160800,8.425704
2016-07-18,8.50,8.58,8.50,8.58,1083400,8.35752
2016-07-15,8.48,8.53,8.42,8.52,1658300,8.299076
2016-07-14,8.48,8.52,8.47,8.48,1019600,8.260112
2016-07-13,8.48,8.51,8.45,8.50,1958000,8.279594
2016-07-12,8.54,8.58,8.46,8.49,1824300,8.269853
2016-07-11,8.44,8.54,8.44,8.53,1183200,8.308816
2016-07-08,8.50,8.53,8.45,8.49,1702000,8.269853
2016-07-07,8.58,8.59,8.42,8.44,2317300,8.221149
2016-07-06,8.49,8.61,8.42,8.58,2628900,8.35752
2016-07-05,8.61,8.64,8.46,8.47,1427400,8.250372
2016-07-01,8.59,8.63,8.55,8.59,1860500,8.367261
2016-06-30,8.53,8.58,8.46,8.56,1924700,8.338039
2016-06-29,8.47,8.53,8.42,8.53,2182900,8.308816
2016-06-28,8.30,8.43,8.26,8.42,5401200,8.201669
2016-06-27,8.77,8.77,8.48,8.49,4267900,8.045817
2016-06-24,8.49,8.80,8.47,8.77,5682100,8.311169
2016-06-23,8.64,8.64,8.60,8.64,1764200,8.18797
2016-06-22,8.62,8.64,8.57,8.60,1502100,8.150063
2016-06-21,8.67,8.69,8.60,8.60,1957000,8.150063
2016-06-20,8.65,8.71,8.62,8.66,1773600,8.206923
2016-06-17,8.66,8.74,8.61,8.62,5156700,8.169016
2016-06-16,8.61,8.65,8.54,8.64,2297900,8.18797
2016-06-15,8.58,8.67,8.57,8.60,1964900,8.150063
2016-06-14,8.60,8.64,8.55,8.60,3902500,8.150063
2016-06-13,8.61,8.64,8.54,8.60,3703100,8.150063
2016-06-10,8.55,8.62,8.53,8.60,1845600,8.150063
2016-06-09,8.55,8.60,8.53,8.59,1443400,8.140586
2016-06-08,8.51,8.59,8.51,8.56,1775400,8.112155
2016-06-07,8.56,8.58,8.50,8.51,1464300,8.064771
2016-06-06,8.60,8.62,8.52,8.53,1619000,8.083724
2016-06-03,8.60,8.66,8.53,8.58,1880200,8.131109
2016-06-02,8.50,8.56,8.49,8.54,2722500,8.093201
2016-06-01,8.46,8.51,8.43,8.50,2387400,8.055294
2016-05-31,8.51,8.54,8.45,8.48,3222100,8.03634
2016-05-27,8.55,8.59,8.48,8.51,1344100,8.064771
2016-05-26,8.50,8.57,8.47,8.55,3031600,8.102678
2016-05-25,8.51,8.53,8.46,8.50,2067300,8.055294
2016-05-24,8.45,8.56,8.43,8.48,2510300,8.03634
2016-05-23,8.45,8.47,8.38,8.43,3151600,7.988957
2016-05-20,8.42,8.45,8.36,8.40,1753400,7.960526
2016-05-19,8.26,8.42,8.23,8.38,2150600,7.941572
2016-05-18,8.46,8.53,8.26,8.33,3159600,7.894188
2016-05-17,8.43,8.54,8.39,8.44,3590400,7.998433
2016-05-16,8.42,8.49,8.40,8.44,5038500,7.998433
2016-05-13,8.52,8.53,8.40,8.44,3242900,7.998433
2016-05-12,8.44,8.53,8.39,8.52,4313500,8.074248
2016-05-11,8.38,8.47,8.37,8.39,3346400,7.951049
2016-05-10,8.37,8.42,8.33,8.39,2633100,7.951049
2016-05-09,8.27,8.38,8.24,8.35,3919100,7.913142
2016-05-06,8.04,8.26,8.04,8.26,4776000,7.827851
2016-05-05,7.78,8.10,7.77,8.10,7206100,7.676222
2016-05-04,7.65,7.79,7.64,7.78,4731800,7.372964
2016-05-03,7.77,7.79,7.62,7.68,7014300,7.278195
2016-05-02,7.85,7.88,7.77,7.78,3041400,7.372964
2016-04-29,7.85,7.90,7.80,7.83,3263400,7.420347
2016-04-28,7.84,7.92,7.81,7.88,3179100,7.467732
2016-04-27,7.80,7.91,7.78,7.89,1878600,7.477208
2016-04-26,7.82,7.83,7.74,7.80,1706800,7.391917
2016-04-25,7.74,7.82,7.70,7.80,2710500,7.391917
2016-04-22,7.80,7.81,7.73,7.77,2439800,7.363487
2016-04-21,7.81,7.82,7.70,7.78,3035700,7.372964
2016-04-20,7.75,7.85,7.69,7.80,5804700,7.391917
2016-04-19,7.72,7.77,7.70,7.75,1481300,7.344533
2016-04-18,7.70,7.74,7.66,7.70,2235400,7.297149
2016-04-15,7.72,7.76,7.68,7.70,1690100,7.297149
2016-04-14,7.81,7.84,7.66,7.71,3105200,7.306626
2016-04-13,7.85,7.85,7.80,7.81,1817500,7.401394
2016-04-12,7.81,7.88,7.80,7.81,2364400,7.401394
2016-04-11,7.70,7.84,7.70,7.83,5341100,7.420347
2016-04-08,7.72,7.79,7.68,7.68,1818800,7.278195
2016-04-07,7.70,7.78,7.67,7.72,2077500,7.316102
2016-04-06,7.75,7.79,7.69,7.74,1816700,7.335056
2016-04-05,7.69,7.77,7.68,7.73,1794700,7.325579
2016-04-04,7.79,7.82,7.73,7.74,1408100,7.335056
2016-04-01,7.90,7.91,7.77,7.80,1930100,7.391917
2016-03-31,7.78,7.95,7.78,7.94,2751500,7.524592
2016-03-30,7.75,7.86,7.75,7.78,2303100,7.372964
2016-03-29,7.74,7.77,7.56,7.75,2597400,7.344533
2016-03-28,7.92,7.97,7.84,7.89,2214900,7.259242
2016-03-24,7.86,7.92,7.77,7.92,1546500,7.286843
2016-03-23,8.04,8.07,7.88,7.90,2728400,7.268442
2016-03-22,8.00,8.05,7.95,8.04,1370300,7.39725
2016-03-21,7.96,8.02,7.95,8.01,1655600,7.369649
2016-03-18,7.94,7.99,7.91,7.96,3151400,7.323646
2016-03-17,7.84,8.02,7.79,7.92,2672800,7.286843
2016-03-16,7.77,7.84,7.70,7.81,1744700,7.185637
2016-03-15,7.83,7.86,7.71,7.78,1102600,7.158036
2016-03-14,7.88,7.91,7.78,7.87,2021200,7.240841
2016-03-11,7.87,7.92,7.83,7.92,1449100,7.286843
2016-03-10,7.87,7.91,7.72,7.83,1467800,7.204038
2016-03-09,7.88,7.93,7.79,7.86,1222300,7.23164
2016-03-08,8.02,8.02,7.85,7.88,1824600,7.250041
2016-03-07,7.92,8.03,7.91,8.01,1768600,7.369649
2016-03-04,7.91,8.03,7.87,7.94,2197800,7.305245
2016-03-03,7.80,7.90,7.77,7.89,1327800,7.259242
2016-03-02,7.78,7.78,7.60,7.77,2362200,7.148835
2016-03-01,7.79,7.82,7.67,7.78,2365400,7.158036
2016-02-29,7.71,7.81,7.71,7.75,2064800,7.130434
2016-02-26,7.75,7.86,7.70,7.72,2544900,7.102832
2016-02-25,7.67,7.77,7.65,7.73,1479100,7.112033
2016-02-24,7.61,7.69,7.45,7.63,1728100,7.020027
2016-02-23,7.60,7.69,7.58,7.65,1604600,7.038428
2016-02-22,7.53,7.65,7.51,7.61,2641100,7.001626
2016-02-19,7.55,7.59,7.46,7.49,4064500,6.891219
2016-02-18,7.58,7.64,7.53,7.60,4213000,6.992425
2016-02-17,7.46,7.57,7.41,7.57,2899800,6.964824
2016-02-16,7.29,7.41,7.28,7.38,2570600,6.790013
2016-02-12,7.13,7.31,7.10,7.28,2762400,6.698008
2016-02-11,7.17,7.18,7.00,7.07,4971300,6.504796
2016-02-10,7.25,7.32,7.23,7.26,4299600,6.679607
2016-02-09,7.33,7.36,7.20,7.23,4776800,6.652005
2016-02-08,7.45,7.50,7.33,7.36,4734600,6.771612
2016-02-05,7.56,7.68,7.48,7.52,4309900,6.918821
2016-02-04,7.43,7.70,7.35,7.58,6826700,6.974024
2016-02-03,7.66,7.86,7.58,7.84,6452700,7.213239
2016-02-02,7.54,7.61,7.42,7.58,4030100,6.974024
2016-02-01,7.61,7.65,7.54,7.57,3302800,6.964824
2016-01-29,7.45,7.62,7.42,7.60,3068500,6.992425
2016-01-28,7.32,7.49,7.30,7.40,2949600,6.808414
2016-01-27,7.38,7.45,7.26,7.33,2119300,6.74401
2016-01-26,7.21,7.45,7.20,7.41,2486200,6.817615
2016-01-25,7.54,7.54,7.15,7.18,5858000,6.606002
2016-01-22,7.30,7.49,7.29,7.49,3336400,6.891219
2016-01-21,7.25,7.38,7.16,7.25,3457900,6.670406
2016-01-20,7.41,7.43,6.91,7.24,6716400,6.661205
2016-01-19,7.51,7.63,7.37,7.51,6127700,6.909621
2016-01-15,7.72,7.73,7.47,7.62,5641500,7.010827
2016-01-14,7.93,7.97,7.69,7.85,5271100,7.222439
2016-01-13,8.12,8.17,7.85,7.93,6368300,7.296044
2016-01-12,8.24,8.27,8.01,8.14,5287600,7.489256
2016-01-11,8.23,8.29,8.16,8.21,2621900,7.55366
2016-01-08,8.25,8.32,8.20,8.23,2591700,7.57206
2016-01-07,8.34,8.37,8.27,8.27,3231900,7.608863
2016-01-06,8.33,8.49,8.29,8.42,3092800,7.746871
2016-01-05,8.24,8.39,8.20,8.35,2579500,7.682468
2016-01-04,8.03,8.24,8.03,8.21,3657600,7.55366
2015-12-31,8.15,8.19,8.10,8.10,2841300,7.452454
2015-12-30,8.21,8.25,8.16,8.16,1779300,7.507657
2015-12-29,8.30,8.34,8.17,8.23,2951300,7.57206
2015-12-28,8.33,8.33,8.19,8.30,3248200,7.636465
2015-12-24,8.62,8.65,8.58,8.59,851300,7.664066
2015-12-23,8.58,8.66,8.53,8.62,3367800,7.690832
2015-12-22,8.41,8.60,8.40,8.55,3170200,7.628378
2015-12-21,8.45,8.48,8.32,8.40,3731600,7.494546
2015-12-18,8.41,8.50,8.36,8.41,5100300,7.503468
2015-12-17,8.33,8.46,8.30,8.41,3283800,7.503468
2015-12-16,8.15,8.33,8.14,8.31,5173900,7.414248
2015-12-15,7.93,8.15,7.89,8.10,3684100,7.226884
2015-12-14,8.09,8.10,7.80,7.94,5113300,7.084131
2015-12-11,8.15,8.18,8.01,8.04,2651700,7.173352
2015-12-10,8.17,8.23,8.15,8.19,1320000,7.307182
2015-12-09,8.15,8.26,8.12,8.16,2841900,7.280416
2015-12-08,8.22,8.23,8.13,8.18,1990300,7.298261
2015-12-07,8.24,8.27,8.15,8.25,3092100,7.360715
2015-12-04,8.33,8.37,8.26,8.27,1976100,7.37856
2015-12-03,8.30,8.33,8.26,8.33,2085700,7.432092
2015-12-02,8.44,8.45,8.31,8.31,3068900,7.414248
2015-12-01,8.52,8.57,8.46,8.47,2628000,7.557001
2015-11-30,8.52,8.57,8.47,8.50,2520700,7.583767
2015-11-27,8.40,8.53,8.39,8.51,1058200,7.59269
2015-11-25,8.39,8.42,8.34,8.42,1370800,7.512391
2015-11-24,8.40,8.45,8.38,8.40,2958400,7.494546
2015-11-23,8.45,8.47,8.41,8.42,2306700,7.512391
2015-11-20,8.44,8.50,8.41,8.44,1915800,7.530234
2015-11-19,8.38,8.48,8.35,8.46,1949400,7.548079
2015-11-18,8.26,8.38,8.24,8.35,2500500,7.449936
2015-11-17,8.27,8.32,8.22,8.26,2485700,7.369638
2015-11-16,8.28,8.31,8.21,8.27,2521000,7.37856
2015-11-13,8.28,8.32,8.22,8.29,2990100,7.396404
2015-11-12,8.36,8.39,8.26,8.26,2843200,7.369638
2015-11-11,8.36,8.44,8.35,8.38,3016900,7.476702
2015-11-10,8.25,8.40,8.25,8.35,3908500,7.449936
2015-11-09,8.25,8.29,8.21,8.24,4374800,7.351793
2015-11-06,8.16,8.33,8.16,8.27,7198600,7.37856
2015-11-05,8.50,8.50,8.10,8.23,13699100,7.342871
2015-11-04,8.65,8.69,8.57,8.62,2056600,7.690832
2015-11-03,8.63,8.67,8.60,8.65,1953300,7.717598
2015-11-02,8.45,8.66,8.45,8.63,3736500,7.699754
2015-10-30,8.59,8.61,8.45,8.46,4012900,7.548079
2015-10-29,8.64,8.67,8.52,8.59,2062000,7.664066
2015-10-28,8.62,8.72,8.52,8.68,2443500,7.744365
2015-10-27,8.80,8.80,8.57,8.61,3234600,7.68191
2015-10-26,8.88,8.92,8.80,8.80,2437500,7.85143
2015-10-23,8.92,8.94,8.85,8.88,1610400,7.922806
2015-10-22,8.90,8.95,8.84,8.91,2052900,7.949572
2015-10-21,8.90,8.93,8.85,8.86,1768300,7.904962
2015-10-20,8.90,8.94,8.84,8.89,1792200,7.931729
2015-10-19,8.93,8.97,8.90,8.91,1009800,7.949572
2015-10-16,8.96,8.99,8.90,8.93,1346300,7.967417
2015-10-15,8.94,8.97,8.81,8.94,2568800,7.976338
2015-10-14,9.05,9.07,8.92,8.94,2092700,7.976338
2015-10-13,9.11,9.16,8.99,9.06,2441100,8.083404
2015-10-12,9.15,9.24,9.12,9.13,1558500,8.145858
2015-10-09,9.11,9.16,9.05,9.13,2356400,8.145858
2015-10-08,9.17,9.22,9.11,9.12,2518600,8.136936
2015-10-07,9.02,9.17,9.02,9.16,1613400,8.172624
2015-10-06,9.00,9.09,8.99,9.02,1639000,8.047716
2015-10-05,8.85,9.03,8.85,9.02,3290900,8.047716
2015-10-02,8.79,8.86,8.71,8.85,3461400,7.89604
2015-10-01,8.84,8.87,8.72,8.81,4829000,7.860352
2015-09-30,8.78,8.83,8.69,8.82,4221500,7.869274
2015-09-29,8.92,8.99,8.75,8.79,4644000,7.842508
2015-09-28,9.21,9.23,8.83,8.91,6529400,7.949572
2015-09-25,9.58,9.63,9.49,9.49,3086600,8.235079
2015-09-24,9.60,9.63,9.53,9.57,2618300,8.3045
2015-09-23,9.56,9.68,9.53,9.62,2916000,8.347888
2015-09-22,9.52,9.58,9.50,9.53,1365000,8.26979
2015-09-21,9.47,9.60,9.46,9.58,1883200,8.313178
2015-09-18,9.43,9.55,9.41,9.46,4419700,8.209046
2015-09-17,9.35,9.62,9.28,9.49,2947400,8.235079
2015-09-16,9.34,9.39,9.29,9.35,2208300,8.113593
2015-09-15,9.41,9.43,9.31,9.33,2141300,8.096237
2015-09-14,9.45,9.47,9.37,9.40,1318900,8.15698
2015-09-11,9.28,9.44,9.26,9.43,1380500,8.183014
2015-09-10,9.28,9.33,9.26,9.31,1502100,8.078882
2015-09-09,9.40,9.47,9.28,9.29,2336100,8.061526
2015-09-08,9.38,9.44,9.32,9.37,1502300,8.130947
2015-09-04,9.34,9.35,9.24,9.31,1693000,8.078882
2015-09-03,9.37,9.45,9.34,9.36,1365600,8.12227
2015-09-02,9.41,9.43,9.30,9.36,1686600,8.12227
2015-09-01,9.40,9.44,9.32,9.37,2421400,8.130947
2015-08-31,9.48,9.51,9.44,9.46,2130800,8.209046
2015-08-28,9.66,9.66,9.47,9.48,2878000,8.226401
2015-08-27,9.56,9.72,9.51,9.64,2395200,8.365244
2015-08-26,9.47,9.53,9.35,9.52,3481100,8.261113
2015-08-25,9.42,9.50,9.39,9.40,2085800,8.15698
2015-08-24,9.25,9.58,8.00,9.34,6358000,8.104915
2015-08-21,9.83,9.89,9.66,9.66,2124000,8.382599
2015-08-20,9.88,9.96,9.87,9.88,2031200,8.573507
2015-08-19,9.92,9.97,9.89,9.92,1769800,8.608218
2015-08-18,9.97,9.98,9.90,9.95,1441900,8.63425
2015-08-17,9.78,9.97,9.76,9.95,4338900,8.63425
2015-08-14,9.71,9.80,9.70,9.78,1587800,8.48673
2015-08-13,9.72,9.77,9.62,9.74,2255100,8.45202
2015-08-12,9.72,9.74,9.58,9.71,3567500,8.425987
2015-08-11,9.67,9.81,9.65,9.74,2381200,8.45202
2015-08-10,9.76,9.78,9.66,9.69,3781200,8.408632
2015-08-07,9.79,9.81,9.74,9.76,2085600,8.469376
2015-08-06,9.79,9.85,9.71,9.81,2880600,8.512764
2015-08-05,9.98,9.98,9.65,9.84,7346100,8.538797
2015-08-04,10.14,10.19,10.06,10.08,2335400,8.74706
2015-08-03,10.20,10.25,10.12,10.16,1378200,8.816481
2015-07-31,10.12,10.28,10.12,10.22,2311700,8.868547
2015-07-30,10.10,10.13,10.04,10.11,1070700,8.773092
2015-07-29,10.01,10.12,9.96,10.10,1128600,8.764415
2015-07-28,9.93,10.08,9.90,10.02,1593800,8.694994
2015-07-27,9.90,9.95,9.87,9.93,1997600,8.616896
2015-07-24,10.05,10.09,9.91,9.91,1499700,8.59954
2015-07-23,10.11,10.15,10.03,10.04,1559600,8.712349
2015-07-22,10.15,10.21,10.11,10.11,1339700,8.773092
2015-07-21,10.21,10.24,10.15,10.15,1941900,8.807803
2015-07-20,10.17,10.21,10.12,10.17,1321000,8.825159
2015-07-17,10.22,10.22,10.13,10.20,1229100,8.851191
2015-07-16,10.17,10.25,10.16,10.21,1466600,8.859869
2015-07-15,10.18,10.18,10.09,10.16,2313200,8.816481
2015-07-14,10.21,10.25,10.12,10.18,1922200,8.833837
2015-07-13,10.15,10.26,10.14,10.17,1701600,8.825159
2015-07-10,10.08,10.22,10.04,10.17,1808800,8.825159
2015-07-09,10.24,10.24,10.08,10.10,3532600,8.764415
2015-07-08,10.22,10.30,10.19,10.21,2659400,8.859869
2015-07-07,10.13,10.29,10.11,10.26,2872500,8.903258
2015-07-06,9.90,10.08,9.90,10.07,3739400,8.738382
2015-07-02,9.94,10.07,9.86,9.93,4670400,8.616896
2015-07-01,9.75,9.99,9.71,9.93,3948900,8.616896
2015-06-30,9.79,9.89,9.74,9.74,3621100,8.45202
2015-06-29,9.80,9.89,9.71,9.75,3882100,8.460698
2015-06-26,10.07,10.09,9.84,9.88,5691400,8.573507
2015-06-25,10.31,10.37,10.29,10.35,2945300,8.755738
2015-06-24,10.45,10.45,10.32,10.32,2159400,8.730358
2015-06-23,10.40,10.45,10.36,10.43,2301700,8.823415
2015-06-22,10.43,10.49,10.40,10.41,1626300,8.806495
2015-06-19,10.47,10.49,10.40,10.43,3565800,8.823415
2015-06-18,10.39,10.50,10.38,10.47,1752400,8.857253
2015-06-17,10.34,10.42,10.27,10.41,2322200,8.806495
2015-06-16,10.33,10.37,10.31,10.33,1436900,8.738818
2015-06-15,10.41,10.45,10.34,10.34,2241300,8.747278
2015-06-12,10.41,10.49,10.40,10.46,1628700,8.848794
2015-06-11,10.30,10.42,10.29,10.42,1806500,8.814955
2015-06-10,10.25,10.33,10.23,10.25,2159600,8.671141
2015-06-09,10.29,10.35,10.22,10.25,2941400,8.671141
2015-06-08,10.26,10.34,10.25,10.30,3798200,8.713439
2015-06-05,10.49,10.51,10.28,10.29,5400900,8.704979
2015-06-04,10.55,10.61,10.51,10.54,2982400,8.916471
2015-06-03,10.67,10.67,10.55,10.58,1564700,8.950309
2015-06-02,10.70,10.72,10.65,10.66,1891500,9.017986
2015-06-01,10.70,10.73,10.67,10.71,1797900,9.060285
2015-05-29,10.71,10.74,10.68,10.69,2012800,9.043365
2015-05-28,10.64,10.71,10.64,10.70,1337400,9.051825
2015-05-27,10.65,10.69,10.61,10.68,1680700,9.034906
2015-05-26,10.67,10.67,10.60,10.62,2146200,8.984148
2015-05-22,10.69,10.69,10.64,10.66,1302900,9.017986
2015-05-21,10.65,10.70,10.63,10.67,1807000,9.026446
2015-05-20,10.67,10.68,10.62,10.62,1154100,8.984148
2015-05-19,10.60,10.65,10.59,10.65,1285200,9.009527
2015-05-18,10.55,10.61,10.53,10.61,1121100,8.975688
2015-05-15,10.55,10.57,10.50,10.56,1436300,8.93339
2015-05-14,10.44,10.55,10.44,10.53,1535900,8.908011
2015-05-13,10.51,10.54,10.40,10.42,2073700,8.814955
2015-05-12,10.41,10.51,10.39,10.49,2773600,8.874172
2015-05-11,10.49,10.51,10.40,10.45,1735900,8.840334
2015-05-08,10.43,10.55,10.42,10.49,1920500,8.874172
2015-05-07,10.40,10.50,10.38,10.46,2668400,8.848794
2015-05-06,10.43,10.45,10.35,10.39,2522200,8.789576
2015-05-05,10.59,10.60,10.43,10.44,2980100,8.831874
2015-05-04,10.54,10.61,10.52,10.61,2322600,8.975688
2015-05-01,10.48,10.59,10.47,10.54,1841100,8.916471
2015-04-30,10.55,10.58,10.44,10.50,3198700,8.882632
2015-04-29,10.54,10.61,10.53,10.56,2848000,8.93339
2015-04-28,10.60,10.64,10.55,10.61,2091500,8.975688
2015-04-27,10.69,10.69,10.60,10.60,1938600,8.967229
2015-04-24,10.66,10.69,10.62,10.66,2249300,9.017986
2015-04-23,10.68,10.70,10.63,10.64,3323500,9.001068
2015-04-22,10.69,10.74,10.64,10.67,2285500,9.026446
2015-04-21,10.74,10.78,10.68,10.68,1758200,9.034906
2015-04-20,10.67,10.74,10.67,10.71,2328100,9.060285
2015-04-17,10.66,10.71,10.65,10.67,1254100,9.026446
2015-04-16,10.66,10.71,10.61,10.69,1851300,9.043365
2015-04-15,10.63,10.67,10.62,10.64,1396700,9.001068
2015-04-14,10.65,10.69,10.63,10.64,2212900,9.001068
2015-04-13,10.65,10.69,10.63,10.64,2650900,9.001068
2015-04-10,10.72,10.75,10.66,10.68,2525100,9.034906
2015-04-09,10.74,10.78,10.67,10.67,4122300,9.026446
2015-04-08,10.72,10.77,10.67,10.75,2104500,9.094123
2015-04-07,10.68,10.74,10.65,10.70,2624100,9.051825
2015-04-06,10.68,10.71,10.64,10.68,5112300,9.034906
2015-04-02,10.63,10.75,10.63,10.67,3830700,9.026446
2015-04-01,10.65,10.67,10.57,10.64,2501100,9.001068
2015-03-31,10.65,10.71,10.62,10.62,2509900,8.984148
2015-03-30,10.58,10.71,10.57,10.67,4306800,9.026446
2015-03-27,10.57,10.65,10.53,10.57,3842300,8.941849
2015-03-26,10.84,10.94,10.73,10.82,6169700,8.93339
2015-03-25,10.97,11.00,10.84,10.85,4179800,8.95816
2015-03-24,10.97,10.99,10.91,10.92,3557900,9.015954
2015-03-23,10.90,11.00,10.86,10.97,4788500,9.057236
2015-03-20,10.80,10.90,10.77,10.90,6915300,8.999441
2015-03-19,10.70,10.80,10.62,10.77,9304600,8.892109
2015-03-18,10.56,10.78,10.54,10.70,5340400,8.834314
2015-03-17,10.50,10.59,10.45,10.58,4430100,8.735237
2015-03-16,10.44,10.55,10.42,10.50,3419900,8.669186
2015-03-13,10.43,10.48,10.40,10.42,3667600,8.603136
2015-03-12,10.39,10.46,10.33,10.43,2587400,8.611392
2015-03-11,10.28,10.40,10.26,10.34,3617400,8.537085
2015-03-10,10.32,10.36,10.27,10.28,2843300,8.487546
2015-03-09,10.29,10.39,10.28,10.34,2972700,8.537085
2015-03-06,10.42,10.43,10.25,10.27,3722700,8.47929
2015-03-05,10.41,10.49,10.39,10.45,3158000,8.627904
2015-03-04,10.38,10.43,10.35,10.41,3678800,8.594879
2015-03-03,10.43,10.47,10.37,10.38,2827100,8.57011
2015-03-02,10.46,10.50,10.40,10.43,2114400,8.611392
2015-02-27,10.39,10.45,10.39,10.44,1721700,8.619648
2015-02-26,10.42,10.45,10.36,10.40,1880500,8.586622
2015-02-25,10.36,10.48,10.34,10.44,2905300,8.619648
2015-02-24,10.36,10.40,10.33,10.38,2285900,8.57011
2015-02-23,10.39,10.44,10.36,10.39,1616100,8.578367
2015-02-20,10.33,10.40,10.29,10.39,2157200,8.578367
2015-02-19,10.36,10.40,10.30,10.33,2011300,8.528828
2015-02-18,10.29,10.39,10.25,10.36,3459500,8.553597
2015-02-17,10.24,10.31,10.24,10.28,3445900,8.487546
2015-02-13,10.30,10.30,10.25,10.27,1871100,8.47929
2015-02-12,10.15,10.30,10.15,10.30,2052500,8.504059
2015-02-11,10.13,10.20,10.13,10.15,2556700,8.380213
2015-02-10,10.17,10.18,10.12,10.13,3515500,8.363701
2015-02-09,10.15,10.22,10.14,10.17,1430300,8.396726
2015-02-06,10.20,10.22,10.11,10.16,2830300,8.38847
2015-02-05,10.24,10.30,10.18,10.25,3664900,8.462777
2015-02-04,10.35,10.36,10.26,10.29,2563600,8.495803
2015-02-03,10.27,10.38,10.25,10.36,2515700,8.553597
2015-02-02,10.28,10.33,10.20,10.30,4257100,8.504059
2015-01-30,10.34,10.35,10.27,10.32,1737700,8.520572
2015-01-29,10.32,10.37,10.24,10.35,1819600,8.545341
2015-01-28,10.38,10.38,10.30,10.33,1620100,8.528828
2015-01-27,10.35,10.39,10.31,10.34,1908200,8.537085
2015-01-26,10.21,10.39,10.18,10.37,2651500,8.561854
2015-01-23,10.28,10.29,10.20,10.23,1026900,8.446264
2015-01-22,10.18,10.28,10.14,10.28,2232400,8.487546
2015-01-21,10.08,10.16,10.06,10.14,2251700,8.371957
2015-01-20,10.27,10.28,10.06,10.10,2671100,8.338932
2015-01-16,10.18,10.28,10.15,10.25,2191100,8.462777
2015-01-15,10.10,10.20,10.07,10.15,2458600,8.380213
2015-01-14,10.05,10.11,10.00,10.10,2240300,8.338932
2015-01-13,10.17,10.21,10.02,10.10,2151400,8.338932
2015-01-12,10.12,10.18,10.06,10.18,2097400,8.404983
2015-01-09,10.23,10.23,10.10,10.12,2156100,8.355444
2015-01-08,10.24,10.26,10.15,10.23,1411900,8.446264
2015-01-07,10.20,10.25,10.14,10.24,2106300,8.454521
2015-01-06,10.18,10.22,10.12,10.19,5838100,8.413239
2015-01-05,10.19,10.23,10.11,10.11,3594600,8.347188
2015-01-02,10.06,10.20,10.00,10.20,2133900,8.421495
2014-12-31,10.15,10.23,10.00,10.02,1858500,8.272881
2014-12-30,10.12,10.18,10.09,10.16,1979800,8.38847
2014-12-29,10.08,10.27,10.08,10.13,2768600,8.363701
2014-12-26,10.05,10.11,10.01,10.09,2946500,8.330675
2014-12-24,10.37,10.38,10.24,10.28,2826100,8.272881
2014-12-23,10.45,10.47,10.35,10.36,4103700,8.337261
2014-12-22,10.42,10.46,10.32,10.46,2749100,8.417737
2014-12-19,10.25,10.42,10.19,10.41,3976600,8.377499
2014-12-18,10.18,10.25,10.10,10.23,2658100,8.232643
2014-12-17,9.98,10.17,9.97,10.15,4475400,8.168263
2014-12-16,10.07,10.19,9.98,9.98,2709800,8.031454
2014-12-15,10.24,10.26,10.08,10.10,2727300,8.128026
2014-12-12,10.26,10.32,10.21,10.21,2066100,8.216548
2014-12-11,10.18,10.31,10.16,10.27,1883900,8.264834
2014-12-10,10.35,10.36,10.16,10.19,2040300,8.200453
2014-12-09,10.13,10.36,10.09,10.35,2519800,8.329214
2014-12-08,10.36,10.39,10.16,10.20,2588800,8.208501
2014-12-05,10.42,10.44,10.29,10.36,1947300,8.337261
2014-12-04,10.47,10.48,10.41,10.45,1872700,8.409689
2014-12-03,10.43,10.49,10.41,10.46,2127700,8.417737
2014-12-02,10.39,10.44,10.34,10.41,1869400,8.377499
2014-12-01,10.49,10.49,10.38,10.40,2906100,8.369451
2014-11-28,10.50,10.53,10.47,10.51,1041500,8.457975
2014-11-26,10.45,10.50,10.42,10.50,1785400,8.449927
2014-11-25,10.42,10.48,10.40,10.46,1859300,8.417737
2014-11-24,10.35,10.44,10.35,10.42,3625500,8.385547
2014-11-21,10.40,10.40,10.33,10.36,1735300,8.337261
2014-11-20,10.32,10.38,10.29,10.35,2260200,8.329214
2014-11-19,10.30,10.35,10.28,10.32,1785400,8.305071
2014-11-18,10.33,10.35,10.27,10.32,1448000,8.305071
2014-11-17,10.25,10.30,10.23,10.28,1673600,8.272881
2014-11-14,10.29,10.35,10.25,10.29,2003800,8.280929
2014-11-13,10.25,10.35,10.23,10.31,2597500,8.297024
2014-11-12,10.18,10.25,10.14,10.25,1519000,8.248738
2014-11-11,10.17,10.21,10.13,10.17,972600,8.184358
2014-11-10,10.16,10.19,10.12,10.17,1428200,8.184358
2014-11-07,10.10,10.20,10.07,10.17,1972200,8.184358
2014-11-06,10.21,10.25,10.06,10.09,3248300,8.119978
2014-11-05,10.21,10.24,10.12,10.24,3583700,8.240691
2014-11-04,10.20,10.22,10.09,10.18,3337600,8.192406
2014-11-03,10.14,10.19,10.10,10.19,2753500,8.200453
2014-10-31,10.17,10.17,10.07,10.13,1750600,8.152168
2014-10-30,10.02,10.14,10.01,10.12,2715700,8.14412
2014-10-29,10.13,10.18,9.98,10.03,3015800,8.071692
2014-10-28,10.15,10.20,10.11,10.16,2510500,8.17631
2014-10-27,10.12,10.17,10.03,10.15,2156600,8.168263
2014-10-24,10.14,10.14,10.07,10.10,2423900,8.128026
2014-10-23,10.14,10.17,10.10,10.11,1588400,8.136072
2014-10-22,10.16,10.20,10.11,10.11,2069200,8.136072
2014-10-21,10.09,10.16,10.02,10.13,2447700,8.152168
2014-10-20,9.92,10.05,9.89,10.02,2307400,8.063645
2014-10-17,9.92,10.00,9.89,9.93,2460700,7.991217
2014-10-16,9.77,9.93,9.71,9.91,3058600,7.975122
2014-10-15,9.78,9.87,9.68,9.83,4421700,7.910741
2014-10-14,9.87,9.96,9.78,9.78,4578300,7.870503
2014-10-13,9.80,9.97,9.80,9.83,2497600,7.910741
2014-10-10,9.88,9.95,9.80,9.81,2428600,7.894647
2014-10-09,9.90,9.99,9.84,9.87,3926800,7.942931
2014-10-08,9.73,9.90,9.71,9.89,3798900,7.959027
2014-10-07,9.68,9.75,9.66,9.74,3380200,7.838313
2014-10-06,9.69,9.72,9.66,9.68,3325000,7.790028
2014-10-03,9.73,9.74,9.62,9.70,6490400,7.806123
2014-10-02,9.71,9.84,9.63,9.71,8628400,7.814171
2014-10-01,9.60,9.83,9.60,9.83,5396300,7.910741
2014-09-30,9.85,9.88,9.61,9.67,6448800,7.781981
2014-09-29,9.90,9.95,9.82,9.83,3117900,7.910741
2014-09-26,9.92,9.94,9.77,9.93,4927600,7.991217
2014-09-25,10.16,10.21,10.11,10.12,2738400,7.934884
2014-09-24,10.19,10.23,10.15,10.15,3649500,7.958406
2014-09-23,10.22,10.24,10.17,10.18,2719700,7.981929
2014-09-22,10.26,10.28,10.20,10.21,2337100,8.005451
2014-09-19,10.26,10.30,10.21,10.27,3804600,8.052496
2014-09-18,10.27,10.30,10.16,10.23,3227100,8.021132
2014-09-17,10.34,10.37,10.24,10.25,2401700,8.036814
2014-09-16,10.29,10.32,10.18,10.30,2848400,8.076018
2014-09-15,10.38,10.39,10.26,10.28,2384000,8.060336
2014-09-12,10.57,10.58,10.37,10.37,3396900,8.130904
2014-09-11,10.52,10.60,10.50,10.60,1480500,8.311242
2014-09-10,10.56,10.57,10.49,10.52,1358000,8.248516
2014-09-09,10.62,10.65,10.57,10.58,1115600,8.29556
2014-09-08,10.64,10.65,10.58,10.62,1164200,8.326923
2014-09-05,10.58,10.64,10.52,10.63,1532200,8.334764
2014-09-04,10.53,10.59,10.47,10.55,1598600,8.272038
2014-09-03,10.55,10.58,10.49,10.53,2394900,8.256356
2014-09-02,10.74,10.74,10.46,10.51,3787000,8.240675
2014-08-29,10.66,10.72,10.60,10.72,1668900,8.405332
2014-08-28,10.60,10.65,10.57,10.64,1182900,8.342605
2014-08-27,10.60,10.65,10.55,10.62,1283800,8.326923
2014-08-26,10.61,10.63,10.55,10.59,1654300,8.303401
2014-08-25,10.53,10.61,10.51,10.59,2062500,8.303401
2014-08-22,10.55,10.58,10.50,10.51,923400,8.240675
2014-08-21,10.51,10.58,10.50,10.54,1404500,8.264197
2014-08-20,10.46,10.51,10.44,10.50,4194400,8.232834
2014-08-19,10.55,10.56,10.46,10.46,2151400,8.201471
2014-08-18,10.52,10.57,10.50,10.53,2083300,8.256356
2014-08-15,10.43,10.58,10.43,10.53,2275100,8.256356
2014-08-14,10.44,10.46,10.42,10.45,1530900,8.19363
2014-08-13,10.45,10.45,10.38,10.43,1649700,8.177949
2014-08-12,10.47,10.47,10.41,10.43,1920300,8.177949
2014-08-11,10.36,10.47,10.35,10.46,2388700,8.201471
2014-08-08,10.37,10.41,10.33,10.37,2199300,8.130904
2014-08-07,10.36,10.47,10.30,10.36,3701100,8.123063
2014-08-06,10.14,10.29,10.11,10.29,2654300,8.068177
2014-08-05,10.22,10.28,10.11,10.13,3660800,7.942725
2014-08-04,10.25,10.32,10.23,10.23,1662800,8.021132
2014-08-01,10.24,10.37,10.23,10.28,2121300,8.060336
2014-07-31,10.32,10.33,10.20,10.23,2352900,8.021132
2014-07-30,10.39,10.43,10.30,10.35,2258800,8.115222
2014-07-29,10.46,10.46,10.38,10.40,1580300,8.154426
2014-07-28,10.40,10.45,10.39,10.43,2173500,8.177949
2014-07-25,10.41,10.42,10.35,10.39,2242200,8.146586
2014-07-24,10.46,10.50,10.39,10.40,1461400,8.154426
2014-07-23,10.50,10.52,10.44,10.47,1695400,8.209312
2014-07-22,10.52,10.55,10.43,10.48,2188100,8.217152
2014-07-21,10.50,10.53,10.47,10.48,1278400,8.217152
2014-07-18,10.50,10.55,10.46,10.51,1709700,8.240675
2014-07-17,10.49,10.51,10.45,10.48,1593400,8.217152
2014-07-16,10.43,10.49,10.42,10.49,2452300,8.224993
2014-07-15,10.39,10.44,10.33,10.43,4489100,8.177949
2014-07-14,10.39,10.43,10.39,10.39,2972600,8.146586
2014-07-11,10.41,10.44,10.37,10.39,1481300,8.146586
2014-07-10,10.32,10.44,10.32,10.41,4357000,8.162267
2014-07-09,10.35,10.36,10.27,10.33,2206300,8.09954
2014-07-08,10.27,10.36,10.26,10.36,2837600,8.123063
2014-07-07,10.23,10.29,10.22,10.28,2366700,8.060336
2014-07-03,10.30,10.33,10.22,10.23,2828200,8.021132
2014-07-02,10.38,10.38,10.27,10.36,4055200,8.123063
2014-07-01,10.51,10.52,10.33,10.39,4583900,8.146586
2014-06-30,10.52,10.58,10.45,10.48,4548500,8.217152
2014-06-27,10.71,10.79,10.66,10.77,7529600,8.240675
2014-06-26,10.50,10.70,10.45,10.68,7046900,8.171811
2014-06-25,10.56,10.56,10.47,10.50,1986400,8.034084
2014-06-24,10.54,10.58,10.51,10.54,2695400,8.06469
2014-06-23,10.47,10.62,10.46,10.50,4414800,8.034084
2014-06-20,10.55,10.56,10.44,10.44,3993400,7.988175
2014-06-19,10.53,10.55,10.49,10.54,1683400,8.06469
2014-06-18,10.55,10.59,10.49,10.53,2600600,8.057038
2014-06-17,10.58,10.61,10.49,10.53,2189300,8.057038
2014-06-16,10.58,10.62,10.57,10.59,1979100,8.102948
2014-06-13,10.50,10.64,10.45,10.58,3427200,8.095296
2014-06-12,10.50,10.53,10.45,10.51,1456500,8.041736
2014-06-11,10.58,10.59,10.45,10.50,2224200,8.034084
2014-06-10,10.60,10.63,10.56,10.58,1882200,8.095296
2014-06-09,10.57,10.68,10.56,10.60,4294100,8.110599
2014-06-06,10.51,10.57,10.49,10.57,2261000,8.087644
2014-06-05,10.39,10.48,10.38,10.48,2231500,8.018781
2014-06-04,10.28,10.43,10.26,10.41,3645500,7.96522
2014-06-03,10.41,10.42,10.25,10.28,4813300,7.86575
2014-06-02,10.54,10.54,10.38,10.41,2880700,7.96522
2014-05-30,10.35,10.55,10.30,10.53,6383700,8.057038
2014-05-29,10.48,10.50,10.36,10.36,4258800,7.926962
2014-05-28,10.58,10.59,10.41,10.44,4141200,7.988175
2014-05-27,10.55,10.60,10.53,10.55,2476900,8.072342
2014-05-23,10.43,10.53,10.43,10.50,2148700,8.034084
2014-05-22,10.37,10.45,10.36,10.41,2595400,7.96522
2014-05-21,10.32,10.40,10.31,10.36,3217800,7.926962
2014-05-20,10.37,10.37,10.24,10.31,3821900,7.888706
2014-05-19,10.28,10.38,10.21,10.38,3429000,7.942266
2014-05-16,10.24,10.31,10.20,10.25,3974200,7.842796
2014-05-15,10.20,10.24,10.16,10.24,2275600,7.835144
2014-05-14,10.20,10.23,10.17,10.21,2918500,7.81219
2014-05-13,10.23,10.26,10.18,10.20,3607300,7.804538
2014-05-12,10.28,10.32,10.15,10.23,4073000,7.827493
2014-05-09,10.23,10.30,10.22,10.29,3366000,7.873402
2014-05-08,10.36,10.42,10.22,10.27,6234200,7.8581
2014-05-07,10.34,10.51,10.30,10.49,6206600,8.026432
2014-05-06,10.35,10.36,10.30,10.32,1758200,7.896356
2014-05-05,10.34,10.37,10.30,10.36,1162000,7.926962
2014-05-02,10.37,10.38,10.30,10.33,2711900,7.904008
2014-05-01,10.39,10.45,10.33,10.38,2473000,7.942266
2014-04-30,10.19,10.38,10.19,10.38,3761400,7.942266
2014-04-29,10.30,10.30,10.18,10.21,1676900,7.81219
2014-04-28,10.22,10.30,10.20,10.28,2209100,7.86575
2014-04-25,10.23,10.26,10.18,10.19,4053900,7.796887
2014-04-24,10.30,10.30,10.13,10.21,4905900,7.81219
2014-04-23,10.29,10.31,10.23,10.28,2210900,7.86575
2014-04-22,10.23,10.26,10.18,10.26,8116600,7.850448
2014-04-21,10.22,10.24,10.15,10.21,6198800,7.81219
2014-04-17,10.20,10.20,10.06,10.16,6346200,7.773932
2014-04-16,10.26,10.26,10.13,10.16,6519700,7.773932
2014-04-15,10.36,10.42,10.19,10.21,9742100,7.81219
2014-04-14,10.35,10.42,10.26,10.34,1953700,7.91166
2014-04-11,10.37,10.45,10.31,10.33,2444500,7.904008
2014-04-10,10.41,10.52,10.34,10.37,3434700,7.934614
2014-04-09,10.38,10.45,10.31,10.41,2761300,7.96522
2014-04-08,10.35,10.45,10.35,10.38,4628500,7.942266
2014-04-07,10.28,10.43,10.21,10.36,2972800,7.926962
2014-04-04,10.30,10.40,10.28,10.28,2627700,7.86575
2014-04-03,10.31,10.33,10.21,10.29,2290600,7.873402
2014-04-02,10.28,10.34,10.24,10.31,1612000,7.888706
2014-04-01,10.26,10.39,10.15,10.30,2973300,7.881054
2014-03-31,10.22,10.27,10.15,10.25,1658000,7.842796
2014-03-28,10.10,10.22,10.10,10.20,2389800,7.804538
2014-03-27,10.06,10.15,10.01,10.10,2908700,7.728024
2014-03-26,10.41,10.44,10.29,10.31,3864700,7.689766
2014-03-25,10.42,10.47,10.36,10.39,3679600,7.749435
2014-03-24,10.49,10.52,10.36,10.39,2585500,7.749435
2014-03-21,10.45,10.61,10.42,10.51,5308900,7.838937
2014-03-20,10.36,10.45,10.26,10.43,2668300,7.779269
2014-03-19,10.60,10.62,10.35,10.37,3315700,7.734517
2014-03-18,10.66,10.69,10.57,10.58,3684100,7.891147
2014-03-17,10.61,10.65,10.57,10.63,2138500,7.92844
2014-03-14,10.59,10.70,10.56,10.57,2596800,7.883688
2014-03-13,10.54,10.67,10.53,10.59,3138300,7.898606
2014-03-12,10.39,10.53,10.35,10.52,3028200,7.846396
2014-03-11,10.44,10.46,10.35,10.40,1944700,7.756893
2014-03-10,10.36,10.44,10.34,10.39,2495400,7.749435
2014-03-07,10.48,10.49,10.22,10.31,9624900,7.689766
2014-03-06,10.50,10.57,10.47,10.48,2121100,7.816561
2014-03-05,10.47,10.55,10.42,10.50,4225400,7.831478
2014-03-04,10.52,10.54,10.40,10.46,5179300,7.801644
2014-03-03,10.38,10.55,10.33,10.46,4375600,7.801644
2014-02-28,10.35,10.39,10.23,10.38,4532500,7.741976
2014-02-27,10.30,10.34,10.18,10.33,6364600,7.704683
2014-02-26,10.22,10.33,10.20,10.29,5183400,7.674849
2014-02-25,10.22,10.26,10.15,10.20,4093400,7.607722
2014-02-24,10.33,10.36,10.15,10.20,6857600,7.607722
2014-02-21,10.08,10.11,10.00,10.07,7351700,7.510761
2014-02-20,9.98,10.04,9.95,10.00,3213200,7.458551
2014-02-19,10.13,10.19,9.96,9.99,4543000,7.451092
2014-02-18,10.01,10.25,9.99,10.10,5771700,7.533137
2014-02-14,10.05,10.14,10.01,10.01,2183300,7.46601
2014-02-13,9.96,10.08,9.95,10.03,2419300,7.480926
2014-02-12,10.07,10.14,9.95,9.98,3513100,7.443633
2014-02-11,10.10,10.13,10.03,10.08,4305900,7.518219
2014-02-10,9.91,10.10,9.90,10.10,6930400,7.533137
2014-02-07,9.88,9.99,9.79,9.89,5020800,7.376507
2014-02-06,9.85,9.93,9.73,9.82,5189100,7.324297
2014-02-05,9.72,9.79,9.64,9.79,3915700,7.301921
2014-02-04,9.79,9.81,9.71,9.74,3202600,7.264628
2014-02-03,9.85,9.88,9.73,9.77,2764600,7.287005
2014-01-31,9.81,9.88,9.81,9.83,3319100,7.331756
2014-01-30,9.84,9.88,9.78,9.83,2747800,7.331756
2014-01-29,9.80,9.82,9.73,9.81,2023000,7.316839
2014-01-28,9.78,9.87,9.76,9.81,2504200,7.316839
2014-01-27,9.73,9.82,9.65,9.76,2453500,7.279546
2014-01-24,9.98,9.98,9.66,9.71,7630800,7.242253
2014-01-23,9.91,9.99,9.89,9.96,4856100,7.428717
2014-01-22,9.87,9.90,9.80,9.90,2192600,7.383965
2014-01-21,9.81,9.90,9.79,9.86,3081800,7.354131
2014-01-17,9.78,9.82,9.73,9.81,2495200,7.316839
2014-01-16,9.84,9.86,9.74,9.80,3142900,7.30938
2014-01-15,9.85,9.88,9.81,9.85,3355600,7.346673
2014-01-14,9.87,9.90,9.82,9.86,2737700,7.354131
2014-01-13,9.72,9.92,9.66,9.89,5232600,7.376507
2014-01-10,9.66,9.75,9.57,9.75,5626800,7.272087
2014-01-09,9.62,9.63,9.50,9.58,2702100,7.145292
2014-01-08,9.57,9.61,9.52,9.59,3398300,7.15275
2014-01-07,9.55,9.61,9.53,9.58,5547900,7.145292
2014-01-06,9.60,9.63,9.54,9.57,4330800,7.137833
2014-01-03,9.51,9.70,9.51,9.59,5577400,7.15275
2014-01-02,9.33,9.52,9.28,9.46,5158400,7.055789
2013-12-31,9.26,9.38,9.24,9.28,3491300,6.921535
2013-12-30,9.15,9.23,9.14,9.22,3758600,6.876784
2013-12-27,9.25,9.29,9.13,9.17,2523200,6.839491
2013-12-26,9.25,9.33,9.23,9.27,4137200,6.914077
2013-12-24,9.20,9.30,9.20,9.24,3032500,6.891701
2013-12-23,9.55,9.68,9.52,9.53,4849100,6.914077
2013-12-20,9.49,9.61,9.43,9.50,8259400,6.892312
2013-12-19,9.45,9.70,9.40,9.45,8827000,6.856036
2013-12-18,9.19,9.36,9.12,9.31,3947800,6.754466
2013-12-17,9.00,9.24,9.00,9.19,3191600,6.667404
2013-12-16,9.08,9.11,8.99,9.00,3998600,6.529558
2013-12-13,9.11,9.16,9.05,9.11,2019300,6.609364
2013-12-12,9.14,9.15,9.08,9.11,2466400,6.609364
2013-12-11,9.27,9.27,9.11,9.13,2746300,6.623874
2013-12-10,9.20,9.33,9.18,9.28,3577800,6.7327
2013-12-09,8.96,9.23,8.96,9.20,7103800,6.67466
2013-12-06,9.00,9.04,8.94,8.99,3881300,6.522303
2013-12-05,9.03,9.10,8.98,9.00,4931600,6.529558
2013-12-04,9.04,9.12,8.96,9.06,5362000,6.573089
2013-12-03,9.10,9.13,9.07,9.09,3279700,6.594854
2013-12-02,9.24,9.24,9.07,9.13,4566700,6.623874
2013-11-29,9.30,9.33,9.25,9.25,1662000,6.710935
2013-11-27,9.15,9.30,9.09,9.29,3683900,6.739955
2013-11-26,9.22,9.22,9.06,9.14,3377700,6.63113
2013-11-25,9.16,9.25,9.11,9.25,3088700,6.710935
2013-11-22,9.25,9.26,9.14,9.17,3086300,6.652895
2013-11-21,9.16,9.30,9.14,9.24,3694100,6.70368
2013-11-20,9.18,9.30,9.15,9.19,2592500,6.667404
2013-11-19,9.32,9.32,9.13,9.16,4328900,6.645639
2013-11-18,9.45,9.47,9.27,9.30,3016000,6.74721
2013-11-15,9.53,9.58,9.43,9.44,2000400,6.848781
2013-11-14,9.44,9.58,9.40,9.53,2716900,6.914077
2013-11-13,9.21,9.38,9.19,9.38,2944800,6.805251
2013-11-12,9.28,9.35,9.20,9.23,3020500,6.696425
2013-11-11,9.35,9.35,9.24,9.33,3703500,6.768975
2013-11-08,9.55,9.56,9.32,9.38,5552400,6.805251
2013-11-07,9.58,9.65,9.49,9.64,5505300,6.993883
2013-11-06,9.18,9.61,9.18,9.47,9298700,6.870547
2013-11-05,9.29,9.30,9.18,9.21,3568300,6.681915
2013-11-04,9.37,9.40,9.15,9.31,4642800,6.754466
2013-11-01,9.33,9.37,9.19,9.32,2738200,6.76172
2013-10-31,9.41,9.44,9.27,9.33,4647200,6.768975
2013-10-30,9.47,9.51,9.39,9.40,3548300,6.819761
2013-10-29,9.66,9.66,9.40,9.49,7321300,6.885056
2013-10-28,9.73,9.74,9.64,9.70,2760500,7.037413
2013-10-25,9.76,9.79,9.66,9.71,3495500,7.044668
2013-10-24,9.80,9.81,9.74,9.78,2760700,7.095453
2013-10-23,9.79,9.89,9.72,9.79,5164100,7.102708
2013-10-22,9.73,9.80,9.70,9.74,6193500,7.066433
2013-10-21,9.60,9.65,9.57,9.63,3261800,6.986628
2013-10-18,9.62,9.66,9.53,9.60,6492100,6.964863
2013-10-17,9.44,9.64,9.44,9.59,5391100,6.957607
2013-10-16,9.38,9.48,9.29,9.42,8072700,6.834271
2013-10-15,9.42,9.44,9.33,9.33,3180400,6.768975
2013-10-14,9.47,9.53,9.41,9.42,2839500,6.834271
2013-10-11,9.50,9.53,9.44,9.50,1766100,6.892312
2013-10-10,9.45,9.55,9.45,9.48,2968000,6.877801
2013-10-09,9.46,9.52,9.34,9.39,4913100,6.812506
2013-10-08,9.58,9.62,9.45,9.47,3535400,6.870547
2013-10-07,9.52,9.65,9.52,9.61,2722200,6.972117
2013-10-04,9.62,9.63,9.55,9.60,3249700,6.964863
2013-10-03,9.75,9.80,9.57,9.65,5861900,7.001137
2013-10-02,9.75,9.81,9.72,9.79,5590100,7.102708
2013-10-01,9.68,9.81,9.62,9.81,3861700,7.117219
2013-09-30,9.75,9.80,9.65,9.71,7820300,7.044668
2013-09-27,9.75,9.82,9.72,9.79,7168700,7.102708
2013-09-26,9.70,9.83,9.67,9.74,7310500,7.066433
2013-09-25,9.54,9.73,9.54,9.65,5398400,7.001137
2013-09-24,9.61,9.66,9.53,9.54,5147200,6.921332
2013-09-23,9.90,10.07,9.87,9.88,4052200,6.964862
2013-09-20,10.03,10.06,9.85,9.89,7835500,6.971912
2013-09-19,10.22,10.23,9.95,10.06,5267000,7.091753
2013-09-18,9.76,10.21,9.74,10.20,8419900,7.190445
2013-09-17,9.80,9.88,9.75,9.78,3003900,6.894367
2013-09-16,9.89,9.90,9.76,9.80,4700100,6.908467
2013-09-13,9.62,9.74,9.61,9.66,2305800,6.809774
2013-09-12,9.72,9.78,9.62,9.62,3276300,6.781576
2013-09-11,9.59,9.73,9.55,9.72,4907800,6.852071
2013-09-10,9.72,9.72,9.51,9.57,3852000,6.746329
2013-09-09,9.73,9.75,9.61,9.72,3414800,6.852071
2013-09-06,9.68,9.75,9.63,9.69,2936600,6.830922
2013-09-05,9.55,9.63,9.47,9.60,4818200,6.767478
2013-09-04,9.41,9.69,9.40,9.59,7278900,6.760428
2013-09-03,9.51,9.52,9.30,9.43,4692900,6.647637
2013-08-30,9.52,9.60,9.50,9.51,3900900,6.704032
2013-08-29,9.41,9.63,9.39,9.56,3970700,6.73928
2013-08-28,9.49,9.52,9.39,9.40,4579300,6.626488
2013-08-27,9.52,9.63,9.49,9.50,7688300,6.696983
2013-08-26,9.68,9.71,9.54,9.59,3621500,6.760428
2013-08-23,9.55,9.70,9.52,9.66,4115900,6.809774
2013-08-22,9.40,9.58,9.36,9.49,3858200,6.689933
2013-08-21,9.46,9.48,9.30,9.33,8941900,6.577142
2013-08-20,9.06,9.47,9.06,9.43,7557300,6.647637
2013-08-19,9.26,9.29,8.95,9.06,9925300,6.386807
2013-08-16,9.46,9.46,9.25,9.25,7147300,6.520746
2013-08-15,9.50,9.55,9.30,9.47,5744300,6.675835
2013-08-14,9.63,9.67,9.53,9.62,4188400,6.781576
2013-08-13,9.76,9.81,9.65,9.66,4537500,6.809774
2013-08-12,9.82,9.95,9.80,9.81,3370300,6.915516
2013-08-09,9.81,9.91,9.80,9.83,2934400,6.929615
2013-08-08,9.65,9.88,9.64,9.85,4395200,6.943714
2013-08-07,9.81,9.82,9.58,9.67,8781400,6.816824
2013-08-06,9.86,10.04,9.80,10.02,6358300,7.063555
2013-08-05,9.94,9.97,9.85,9.91,4051300,6.98601
2013-08-02,9.99,10.05,9.93,10.01,2552700,7.056505
2013-08-01,10.08,10.12,9.93,9.97,3283200,7.028307
2013-07-31,10.19,10.24,9.88,10.03,6378200,7.070604
2013-07-30,10.13,10.33,10.10,10.25,3409600,7.225692
2013-07-29,10.05,10.18,10.05,10.06,2774300,7.091753
2013-07-26,9.92,10.10,9.91,10.09,2548500,7.112901
2013-07-25,9.94,10.03,9.88,9.97,3705500,7.028307
2013-07-24,10.05,10.07,9.77,9.98,9359400,7.035356
2013-07-23,10.10,10.24,10.02,10.12,5268800,7.134049
2013-07-22,10.05,10.13,10.01,10.06,5113500,7.091753
2013-07-19,10.11,10.15,10.06,10.12,2358500,7.134049
2013-07-18,10.20,10.24,10.10,10.12,4132100,7.134049
2013-07-17,10.13,10.25,10.09,10.17,4442100,7.169296
2013-07-16,10.19,10.23,10.03,10.12,4664900,7.134049
2013-07-15,10.15,10.22,10.11,10.17,2486100,7.169296
2013-07-12,10.14,10.20,10.05,10.15,2887900,7.155197
2013-07-11,9.90,10.20,9.90,10.11,6922200,7.126999
2013-07-10,9.92,9.99,9.73,9.78,4187400,6.894367
2013-07-09,9.94,10.07,9.87,9.89,6948700,6.971912
2013-07-08,9.61,10.07,9.52,9.97,8051300,7.028307
2013-07-05,10.18,10.18,9.50,9.86,11845100,6.950763
2013-07-03,10.20,10.25,10.02,10.22,3832300,7.204544
2013-07-02,10.33,10.44,10.24,10.27,4428900,7.239791
2013-07-01,10.30,10.45,10.28,10.32,4376100,7.275038
2013-06-28,10.48,10.49,10.23,10.25,31902700,7.225692
2013-06-27,10.26,10.62,10.26,10.51,7930100,7.408978
2013-06-26,10.13,10.31,10.10,10.26,10300800,7.232742
2013-06-25,10.37,10.48,10.24,10.33,12012300,7.063555
2013-06-24,10.67,10.67,10.10,10.35,17115400,7.077231
2013-06-21,10.66,10.83,10.53,10.83,12748800,7.40545
2013-06-20,10.68,10.70,10.50,10.59,10003600,7.24134
2013-06-19,11.16,11.21,10.68,10.77,8305400,7.364423
2013-06-18,10.75,11.15,10.58,11.13,8017100,7.610587
2013-06-17,11.11,11.20,10.71,10.76,6249800,7.357585
2013-06-14,10.96,11.19,10.91,11.05,7067800,7.555884
2013-06-13,10.38,11.01,10.33,10.92,6939400,7.466991
2013-06-12,10.70,10.70,10.36,10.53,10251500,7.200313
2013-06-11,10.82,10.85,10.63,10.69,7968000,7.309719
2013-06-10,10.97,11.01,10.84,10.91,4562700,7.460153
2013-06-07,11.06,11.10,10.83,10.98,5619300,7.508018
2013-06-06,10.97,11.12,10.85,11.01,11228500,7.528532
2013-06-05,11.13,11.25,10.96,11.00,5743300,7.521694
2013-06-04,10.75,11.27,10.75,11.17,10003200,7.637939
2013-06-03,11.01,11.09,10.70,10.79,8554800,7.378098
2013-05-31,11.20,11.32,11.02,11.03,5379000,7.542208
2013-05-30,11.29,11.37,11.12,11.19,4186000,7.651614
2013-05-29,10.95,11.30,10.81,11.23,11986400,7.678966
2013-05-28,11.54,11.65,10.91,11.16,11829700,7.631101
2013-05-24,11.64,11.64,11.37,11.49,4370400,7.856751
2013-05-23,11.49,11.66,10.91,11.61,8140400,7.938806
2013-05-22,11.66,11.94,11.59,11.63,11944600,7.952482
2013-05-21,11.67,11.70,11.45,11.56,6928700,7.904617
2013-05-20,11.88,11.95,11.65,11.68,3901800,7.986672
2013-05-17,11.89,11.99,11.83,11.92,3162900,8.150781
2013-05-16,11.76,11.93,11.67,11.85,3093600,8.102916
2013-05-15,11.86,11.86,11.55,11.76,6183700,8.041375
2013-05-14,11.83,11.97,11.75,11.89,4315100,8.130268
2013-05-13,12.13,12.13,11.81,11.87,5252000,8.116592
2013-05-10,12.19,12.25,11.95,12.10,4328400,8.273864
2013-05-09,12.29,12.31,12.17,12.20,5312100,8.342243
2013-05-08,11.92,12.39,11.92,12.34,12899800,8.437973
2013-05-07,11.57,11.64,11.47,11.59,4059700,7.925131
2013-05-06,11.59,11.64,11.44,11.53,7939600,7.884103
2013-05-03,11.77,11.82,11.51,11.55,9552600,7.897779
2013-05-02,11.81,11.97,11.79,11.94,2482000,8.164457
2013-05-01,11.99,12.00,11.78,11.78,4570600,8.055051
2013-04-30,11.95,12.02,11.90,11.98,3057400,8.191809
2013-04-29,11.81,12.02,11.76,11.93,4352300,8.15762
2013-04-26,11.68,11.80,11.61,11.80,5098600,8.068727
2013-04-25,11.83,11.89,11.66,11.68,7501700,7.986672
2013-04-24,11.82,11.85,11.72,11.76,3609000,8.041375
2013-04-23,11.83,11.88,11.68,11.73,4886000,8.020861
2013-04-22,11.68,11.87,11.57,11.80,3555800,8.068727
2013-04-19,11.58,11.73,11.49,11.69,4194000,7.993509
2013-04-18,11.59,11.69,11.46,11.58,5235100,7.918293
2013-04-17,11.85,11.86,11.51,11.59,7017400,7.925131
2013-04-16,11.70,11.97,11.70,11.94,7650100,8.164457
2013-04-15,11.99,12.00,11.61,11.63,6372400,7.952482
2013-04-12,12.09,12.12,11.95,12.03,3678800,8.225998
2013-04-11,12.09,12.23,12.05,12.14,6478300,8.301216
2013-04-10,12.02,12.13,11.95,12.04,12304800,8.232836
2013-04-09,12.15,12.16,11.90,11.95,6195400,8.171295
2013-04-08,12.17,12.22,12.10,12.12,4441100,8.287539
2013-04-05,11.76,12.15,11.62,12.13,6428600,8.294377
2013-04-04,11.99,12.03,11.86,12.01,9126400,8.212323
2013-04-03,12.30,12.38,11.56,12.02,12729200,8.219161
2013-04-02,12.58,12.60,12.36,12.38,7261600,8.465325
2013-04-01,12.64,12.64,12.35,12.45,8540900,8.51319
2013-03-28,12.60,12.77,12.47,12.61,20307500,8.622597
2013-03-27,13.940004,13.940004,13.799998,13.88,8500800,8.618255
2013-03-26,13.740004,13.950003,13.740004,13.950003,9740300,8.661721
2013-03-25,13.850003,13.970001,13.689999,13.740004,8077800,8.53133
2013-03-22,13.740004,13.860003,13.709997,13.809997,6272500,8.574789
2013-03-21,13.630005,13.840004,13.599998,13.699998,7708400,8.50649
2013-03-20,13.540004,13.670001,13.460002,13.640004,10030000,8.469238
2013-03-19,13.670001,13.789999,13.460002,13.48,57631300,8.36989
2013-03-18,13.78,14.019996,13.650003,13.870001,9258000,8.612047
2013-03-15,13.650003,13.989999,13.650003,13.840004,14542800,8.593421
2013-03-14,13.550003,13.689999,13.530005,13.650003,5800100,8.475447
2013-03-13,13.419996,13.550003,13.299997,13.540004,4510300,8.407148
2013-03-12,13.299997,13.450003,13.250002,13.419996,5607900,8.332633
2013-03-11,13.160001,13.250002,13.119995,13.250002,4761300,8.227082
2013-03-08,13.079999,13.109996,12.999997,13.099996,3642200,8.133942
2013-03-07,12.999997,13.07,12.889997,12.999997,6521900,8.071851
2013-03-06,13.179999,13.199997,12.899997,12.999997,6901800,8.071851
2013-03-05,12.930004,13.150002,12.909996,13.119995,7040400,8.146359
2013-03-04,12.87,12.879999,12.77,12.87,5453200,7.991134
2013-03-01,12.779998,12.879999,12.760001,12.799997,4954800,7.947668
2013-02-28,12.530003,12.860001,12.520005,12.860001,9600800,7.984926
2013-02-27,12.340003,12.540002,12.309994,12.520005,6918800,7.773818
2013-02-26,12.369999,12.46,12.169998,12.279998,6392600,7.624795
2013-02-25,12.540002,12.640002,12.330003,12.340003,5063300,7.662053
2013-02-22,12.499996,12.599996,12.430003,12.499996,4680900,7.761394
2013-02-21,12.520005,12.550002,12.299996,12.430003,6050000,7.717935
2013-02-20,12.799997,12.840003,12.499996,12.499996,5031100,7.761394
2013-02-19,12.550002,12.779998,12.550002,12.779998,6381200,7.935251
2013-02-15,12.560001,12.630004,12.479998,12.489997,4677600,7.755186
2013-02-14,12.609995,12.660001,12.530003,12.540002,5312700,7.786235
2013-02-13,12.479998,12.630004,12.469999,12.599996,5804500,7.823486
2013-02-12,12.36,12.469999,12.320004,12.440002,5233800,7.724143
2013-02-11,12.350001,12.440002,12.299996,12.340003,7040100,7.662053
2013-02-08,12.299996,12.389997,12.199995,12.250001,6129300,7.60617
2013-02-07,12.420005,12.430003,12.020004,12.179998,9017800,7.562704
2013-02-06,12.469999,12.489997,12.399996,12.430003,5182600,7.717935
2013-02-05,12.499996,12.509995,12.409995,12.450002,4719000,7.730352
2013-02-04,12.509995,12.509995,12.389997,12.440002,6106100,7.724143
2013-02-01,12.440002,12.520005,12.420005,12.469999,6176300,7.742769
2013-01-31,12.499996,12.499996,12.399996,12.420005,5011200,7.711727
2013-01-30,12.479998,12.499996,12.430003,12.489997,4287700,7.755186
2013-01-29,12.469999,12.499996,12.430003,12.46,4349500,7.73656
2013-01-28,12.450002,12.479998,12.389997,12.479998,3448300,7.748977
2013-01-25,12.369999,12.46,12.350001,12.389997,4182000,7.693095
2013-01-24,12.420005,12.469999,12.26,12.340003,5080400,7.662053
2013-01-23,12.530003,12.550002,12.350001,12.389997,7135100,7.693095
2013-01-22,12.450002,12.540002,12.409995,12.499996,8044200,7.761394
2013-01-18,12.430003,12.450002,12.309994,12.369999,5861700,7.680677
2013-01-17,12.279998,12.420005,12.279998,12.369999,6757900,7.680677
2013-01-16,12.230003,12.330003,12.210005,12.26,3331800,7.612378
2013-01-15,12.130004,12.250001,12.099995,12.210005,4458200,7.581336
2013-01-14,12.199995,12.199995,12.079998,12.120004,3757800,7.525453
2013-01-11,12.020004,12.150001,11.999995,12.130004,3296700,7.531662
2013-01-10,11.979998,12.099995,11.920003,12.010005,4988300,7.457153
2013-01-09,11.889996,12.020004,11.820004,11.940002,7628900,7.413687
2013-01-08,11.699995,11.85,11.699995,11.840002,3484000,7.351596
2013-01-07,11.720004,11.779997,11.640001,11.669998,4360700,7.246039
2013-01-04,11.550001,11.740001,11.520003,11.720004,4977100,7.277088
2013-01-03,11.559999,11.599995,11.510005,11.510005,3620100,7.146697
2013-01-02,11.330002,11.540001,11.259999,11.540001,6750300,7.165322
2012-12-31,10.889995,11.130001,10.889995,11.079996,5620200,6.8797
2012-12-28,11.100005,11.110004,10.920002,10.949999,4208000,6.798983
2012-12-27,11.179997,11.179997,10.979996,11.120003,6662300,6.90454
2012-12-26,11.65,11.689996,11.599995,11.669998,9524000,6.90454
2012-12-24,11.610004,11.65,11.569998,11.610004,3607500,6.869044
2012-12-21,11.550001,11.610004,11.479996,11.589996,9350600,6.857207
2012-12-20,11.589996,11.610004,11.510005,11.589996,6228000,6.857207
2012-12-19,11.569998,11.65,11.540001,11.550001,10252800,6.833543
2012-12-18,11.710004,11.720004,11.459999,11.520003,11087500,6.815796
2012-12-17,11.500005,11.540001,11.369997,11.430002,4299100,6.762546
2012-12-14,11.520003,11.550001,11.389996,11.410005,4809100,6.750715
2012-12-13,11.699995,11.699995,11.459999,11.489996,5225400,6.798042
2012-12-12,11.959999,11.979998,11.589996,11.689996,8721800,6.916371
2012-12-11,12.020004,12.020004,11.769998,11.85,8098000,7.011038
2012-12-10,11.789996,11.969999,11.769998,11.85,7451100,7.011038
2012-12-07,11.679997,11.720004,11.610004,11.679997,3351000,6.910455
2012-12-06,11.559999,11.720004,11.559999,11.659999,3523600,6.898624
2012-12-05,11.689996,11.76,11.550001,11.589996,4579300,6.857207
2012-12-04,11.430002,11.789996,11.379996,11.689996,13947600,6.916371
2012-12-03,11.369997,11.479996,11.310004,11.45,4904300,6.774378
2012-11-30,11.279997,11.359999,11.25,11.320003,4804300,6.697466
2012-11-29,11.300005,11.35,11.220003,11.289996,3380800,6.679712
2012-11-28,11.210004,11.35,11.15,11.240001,3715100,6.650133
2012-11-27,11.25,11.310004,11.120003,11.210004,3967600,6.632385
2012-11-26,11.210004,11.289996,11.100005,11.200005,3527900,6.626469
2012-11-23,11.159998,11.210004,11.020002,11.210004,1591500,6.632385
2012-11-21,11.059998,11.15,10.979996,11.089995,3801700,6.561382
2012-11-20,11.15,11.179997,10.930002,11.059998,3574100,6.543634
2012-11-19,11.300005,11.300005,11.079996,11.120003,5611900,6.579136
2012-11-16,10.779996,11.040001,10.710003,11.010004,8008300,6.514055
2012-11-15,10.000004,10.720003,9.849998,10.659998,10458200,6.306975
2012-11-14,10.33,10.500004,9.969995,10.149998,16459500,6.005234
2012-11-13,10.779996,10.779996,10.249999,10.420002,17486000,6.164981
2012-11-12,11.010004,11.079996,10.810003,10.849999,3726800,6.419388
2012-11-09,10.900005,11.079996,10.84,10.979996,4174100,6.496301
2012-11-08,10.889995,11.130001,10.869997,10.959998,5350800,6.484469
2012-11-07,11.159998,11.369997,10.900005,10.910003,15184800,6.45489
2012-11-06,11.699995,11.710004,11.369997,11.420003,7917300,6.756631
2012-11-05,11.689996,11.720004,11.550001,11.659999,2808600,6.898624
2012-11-02,11.930003,11.940002,11.679997,11.679997,3490800,6.910455
2012-11-01,11.95,11.999995,11.86,11.910005,2864500,7.046539
2012-10-31,11.820004,11.930003,11.76,11.930003,3485200,7.058371
2012-10-26,11.999995,12.010005,11.699995,11.740001,4487700,6.945957
2012-10-25,11.989996,12.010005,11.830003,11.969999,3216300,7.082035
2012-10-24,11.789996,11.979998,11.769998,11.959999,5145600,7.076118
2012-10-23,11.820004,11.830003,11.669998,11.789996,2959900,6.975536
2012-10-22,11.940002,11.95,11.710004,11.86,3547000,7.016954
2012-10-19,11.730003,11.940002,11.710004,11.910005,6131500,7.046539
2012-10-18,11.799995,11.879997,11.75,11.76,4127200,6.957789
2012-10-17,11.879997,11.879997,11.710004,11.789996,3551600,6.975536
2012-10-16,11.440001,11.710004,11.279997,11.699995,5497600,6.922288
2012-10-15,11.599995,11.640001,10.769997,11.459999,17993200,6.780294
2012-10-12,11.86,11.899995,11.659999,11.659999,5150900,6.898624
2012-10-11,11.720004,11.940002,11.65,11.810004,6633200,6.987374
2012-10-10,12.069999,12.089996,11.689996,11.710004,11799200,6.928209
2012-10-09,12.16,12.199995,11.969999,12.030003,5083100,7.117536
2012-10-08,12.069999,12.16,12.020004,12.110005,2956900,7.164869
2012-10-05,12.030003,12.16,12.010005,12.069999,2719700,7.1412
2012-10-04,11.989996,12.089996,11.940002,11.999995,3941500,7.099782
2012-10-03,11.95,12.040002,11.879997,11.930003,4660900,7.058371
2012-10-02,11.830003,11.959999,11.799995,11.95,4347900,7.070203
2012-10-01,11.789996,11.830003,11.730003,11.769998,4831700,6.963705
2012-09-28,11.610004,11.769998,11.579997,11.75,5063200,6.951873
2012-09-27,11.630002,11.689996,11.559999,11.659999,5096000,6.898624
2012-09-26,11.599995,11.699995,11.550001,11.620004,3224300,6.874961
2012-09-25,11.730003,11.810004,11.610004,11.620004,5197400,6.874961
2012-09-24,11.659999,11.779997,11.659999,11.730003,3870000,6.940041
2012-09-21,11.699995,11.810004,11.669998,11.699995,7866200,6.922288
2012-09-20,11.489996,11.699995,11.430002,11.659999,9577300,6.898624
2012-09-19,11.86,11.95,11.779997,11.910005,9572000,6.833543
2012-09-18,11.85,11.869999,11.779997,11.820004,4510600,6.781904
2012-09-17,11.910005,11.959999,11.820004,11.840002,6238600,6.793378
2012-09-14,12.030003,12.079998,11.879997,11.899995,10865200,6.8278
2012-09-13,11.799995,12.050001,11.769998,11.959999,11121200,6.862229
2012-09-12,11.940002,11.969999,11.830003,11.899995,6496400,6.8278
2012-09-11,11.910005,11.969999,11.75,11.899995,5898400,6.8278
2012-09-10,11.779997,11.920003,11.740001,11.86,6491300,6.804852
2012-09-07,11.710004,11.75,11.679997,11.75,5125500,6.741738
2012-09-06,11.720004,11.740001,11.669998,11.679997,3536800,6.701573
2012-09-05,11.699995,11.75,11.65,11.679997,5643300,6.701573
2012-09-04,11.640001,11.679997,11.589996,11.659999,4748600,6.690099
2012-08-31,11.669998,11.689996,11.569998,11.589996,4038500,6.649934
2012-08-30,11.630002,11.669998,11.579997,11.599995,2902300,6.655671
2012-08-29,11.550001,11.699995,11.550001,11.65,3203200,6.684362
2012-08-28,11.520003,11.589996,11.510005,11.540001,2615200,6.621248
2012-08-27,11.479996,11.540001,11.430002,11.520003,2863000,6.609774
2012-08-24,11.400005,11.489996,11.369997,11.459999,2026500,6.575346
2012-08-23,11.389996,11.440001,11.35,11.379996,3210100,6.529443
2012-08-22,11.389996,11.389996,11.25,11.389996,2002000,6.535181
2012-08-21,11.400005,11.489996,11.34,11.369997,2684100,6.523706
2012-08-20,11.320003,11.489996,11.279997,11.420003,4353000,6.552398
2012-08-17,11.320003,11.320003,11.179997,11.310004,3132300,6.489284
2012-08-16,11.320003,11.34,11.15,11.289996,4661600,6.477804
2012-08-15,11.220003,11.310004,11.200005,11.279997,3087300,6.472067
2012-08-14,11.269997,11.279997,11.220003,11.240001,3189600,6.449119
2012-08-13,11.120003,11.300005,11.120003,11.220003,3466100,6.437645
2012-08-10,11.169997,11.169997,11.059998,11.15,1569200,6.397479
2012-08-09,11.069997,11.189995,11.010004,11.089995,2394800,6.363051
2012-08-08,11.100005,11.100005,10.959998,11.049999,3834800,6.340103
2012-08-07,11.240001,11.25,10.879996,11.049999,6947400,6.340103
2012-08-06,11.240001,11.259999,11.15,11.210004,3511200,6.431908
2012-08-03,11.230001,11.369997,11.189995,11.220003,5628000,6.437645
2012-08-02,11.440001,11.440001,11.049999,11.259999,8247900,6.460593
2012-08-01,11.45,11.720004,11.440001,11.469998,14764100,6.581083
2012-07-31,11.45,11.500005,11.359999,11.469998,17313500,6.581083
2012-07-30,11.359999,11.440001,11.34,11.420003,5788300,6.552398
2012-07-27,11.35,11.389996,11.310004,11.35,4844000,6.512232
2012-07-26,11.35,11.379996,11.259999,11.310004,5012400,6.489284
2012-07-25,11.220003,11.310004,11.189995,11.300005,4269200,6.483547
2012-07-24,11.140001,11.230001,11.089995,11.230001,5840700,6.443381
2012-07-23,11.100005,11.210004,10.989995,11.140001,5416800,6.391742
2012-07-20,10.879996,11.220003,10.869997,11.210004,12834600,6.431908
2012-07-19,10.979996,11.030001,10.820002,10.830002,7287300,6.213875
2012-07-18,11.020002,11.040001,10.879996,10.949999,4662400,6.282726
2012-07-17,10.989995,11.089995,10.930002,11.020002,7384600,6.322891
2012-07-16,10.769997,11.000005,10.749999,10.989995,10096200,6.305674
2012-07-13,10.700004,10.749999,10.559998,10.749999,46740300,6.167973
2012-07-12,10.789994,10.879996,10.720003,10.720003,8239700,6.150762
2012-07-11,10.849999,10.900005,10.730001,10.830002,4873300,6.213875
2012-07-10,10.930002,10.94,10.859998,10.879996,3165500,6.242561
2012-07-09,10.810003,10.959998,10.800004,10.910003,3847600,6.259778
2012-07-06,10.590005,10.84,10.590005,10.820002,2534600,6.208138
2012-07-05,10.600004,10.730001,10.569997,10.690006,2366700,6.133551
2012-07-03,10.569997,10.679996,10.54,10.669997,1986900,6.12207
2012-07-02,10.400004,10.520002,10.400004,10.520002,3001800,6.036009
2012-06-29,10.449999,10.459998,10.349999,10.359997,2703400,5.944204
2012-06-28,10.379995,10.420002,10.339999,10.390005,2296100,5.961421
2012-06-27,10.310003,10.490005,10.300003,10.400004,3960600,5.967158
2012-06-26,10.259997,10.369996,10.259997,10.310003,2214000,5.915519
2012-06-25,10.300003,10.390005,10.269996,10.269996,2536100,5.892564
2012-06-22,10.279995,10.390005,10.279995,10.369996,6442800,5.949941
2012-06-21,10.310003,10.339999,10.249999,10.259997,2671600,5.886827
2012-06-20,10.359997,10.400004,10.249999,10.279995,5799700,5.898301
2012-06-19,10.579995,10.759997,10.569997,10.730001,6007200,5.926992
2012-06-18,10.64,10.669997,10.559998,10.569997,4875300,5.83861
2012-06-15,10.54,10.630001,10.490005,10.630001,4397000,5.871755
2012-06-14,10.54,10.610003,10.490005,10.510002,4153400,5.80547
2012-06-13,10.500004,10.600004,10.459998,10.530001,3933300,5.816517
2012-06-12,10.430001,10.500004,10.430001,10.500004,3030600,5.799947
2012-06-11,10.479995,10.510002,10.410003,10.430001,3321800,5.761279
2012-06-08,10.379995,10.449999,10.349999,10.420002,2198000,5.755756
2012-06-07,10.490005,10.500004,10.379995,10.379995,2369500,5.733657
2012-06-06,10.33,10.479995,10.300003,10.439999,3788300,5.766802
2012-06-05,10.100004,10.300003,10.100004,10.269996,2809000,5.672896
2012-06-04,10.110003,10.249999,10.090004,10.13,2638800,5.595566
2012-06-01,10.249999,10.279995,10.13,10.13,4055400,5.595566
2012-05-31,10.249999,10.369996,10.190004,10.339999,3495500,5.711564
2012-05-30,10.249999,10.320002,10.220001,10.220001,2774700,5.645281
2012-05-29,10.300003,10.320002,10.210003,10.269996,2886100,5.672896
2012-05-25,10.259997,10.349999,10.239999,10.249999,1841900,5.66185
2012-05-24,10.169996,10.290005,10.169996,10.249999,2016600,5.66185
2012-05-23,10.110003,10.220001,10.069995,10.200003,2484400,5.634234
2012-05-22,10.23,10.339999,10.13,10.149998,2498700,5.606613
2012-05-21,10.039999,10.210003,10.039999,10.179995,3700300,5.623182
2012-05-18,9.990004,10.149998,9.990004,9.990004,3236800,5.518236
2012-05-17,10.339999,10.339999,10.000004,10.000004,5135600,5.523759
2012-05-16,10.339999,10.400004,10.300003,10.310003,1308000,5.694995
2012-05-15,10.33,10.400004,10.269996,10.310003,1748200,5.694995
2012-05-14,10.400004,10.459998,10.369996,10.379995,1583500,5.733657
2012-05-11,10.400004,10.469996,10.390005,10.439999,1548800,5.766802
2012-05-10,10.379995,10.459998,10.359997,10.420002,2524400,5.755756
2012-05-09,10.200003,10.369996,10.200003,10.33,2545800,5.706041
2012-05-08,10.200003,10.369996,10.200003,10.269996,3155000,5.672896
2012-05-07,10.200003,10.259997,10.179995,10.210003,3478500,5.639758
2012-05-04,10.290005,10.33,10.210003,10.210003,2951900,5.639758
2012-05-03,10.379995,10.490005,10.300003,10.33,3522200,5.706041
2012-05-02,10.479995,10.490005,10.290005,10.400004,4201700,5.744709
2012-05-01,10.459998,10.54,10.449999,10.449999,2556200,5.772326
2012-04-30,10.479995,10.500004,10.449999,10.459998,2420100,5.777849
2012-04-27,10.449999,10.500004,10.379995,10.500004,2367300,5.799947
2012-04-26,10.390005,10.449999,10.33,10.430001,3156500,5.761279
2012-04-25,10.379995,10.400004,10.339999,10.349999,2664300,5.717088
2012-04-24,10.33,10.379995,10.320002,10.359997,1958200,5.722611
2012-04-23,10.339999,10.349999,10.259997,10.339999,2897000,5.711564
2012-04-20,10.400004,10.400004,10.300003,10.369996,2305400,5.728134
2012-04-19,10.349999,10.359997,10.259997,10.310003,2868400,5.694995
2012-04-18,10.33,10.390005,10.279995,10.369996,2963700,5.728134
2012-04-17,10.349999,10.430001,10.300003,10.320002,5390800,5.700518
2012-04-16,10.290005,10.349999,10.239999,10.310003,2513200,5.694995
2012-04-13,10.269996,10.290005,10.210003,10.23,3349900,5.650804
2012-04-12,10.220001,10.300003,10.149998,10.269996,4573400,5.672896
2012-04-11,10.069995,10.200003,10.020001,10.179995,4615300,5.623182
2012-04-10,10.059997,10.14,9.959997,9.959997,5061100,5.50166
2012-04-09,10.020001,10.059997,9.939999,9.959997,3076600,5.50166
2012-04-05,10.069995,10.090004,10.049998,10.049998,1300200,5.551375
2012-04-04,10.14,10.179995,10.049998,10.079995,2647700,5.567945
2012-04-03,10.259997,10.279995,10.14,10.190004,3170400,5.628711
2012-04-02,10.120001,10.279995,10.120001,10.279995,3414500,5.678419
2012-03-30,10.149998,10.190004,10.090004,10.14,2724200,5.60109
2012-03-29,10.039999,10.149998,9.979995,10.14,2124100,5.60109
2012-03-28,10.120001,10.13,10.000004,10.059997,2385300,5.556898
2012-03-27,10.159997,10.200003,10.059997,10.069995,3940900,5.562421
2012-03-26,10.239999,10.300003,10.169996,10.169996,4278600,5.617659
2012-03-23,10.179995,10.220001,10.149998,10.190004,3327000,5.628711
2012-03-22,10.13,10.200003,10.049998,10.159997,4094000,5.612136
2012-03-21,10.569997,10.610003,10.520002,10.590005,5994200,5.628711
2012-03-20,10.559998,10.620002,10.520002,10.569997,5417000,5.618076
2012-03-19,10.500004,10.630001,10.479995,10.569997,4223200,5.618076
2012-03-16,10.369996,10.469996,10.310003,10.469996,8281800,5.564925
2012-03-15,10.400004,10.449999,10.269996,10.349999,3632500,5.501145
2012-03-14,10.420002,10.449999,10.200003,10.320002,4200300,5.485201
2012-03-13,10.359997,10.439999,10.290005,10.439999,3964400,5.548981
2012-03-12,10.310003,10.390005,10.259997,10.310003,3384700,5.479887
2012-03-09,10.300003,10.379995,10.279995,10.300003,3003600,5.474572
2012-03-08,10.310003,10.33,10.159997,10.290005,2780500,5.469257
2012-03-07,10.349999,10.390005,10.279995,10.310003,2661300,5.479887
2012-03-06,10.400004,10.430001,10.269996,10.300003,3089800,5.474572
2012-03-05,10.369996,10.469996,10.349999,10.459998,4662700,5.559611
2012-03-02,10.33,10.369996,10.279995,10.369996,4698400,5.511774
2012-03-01,10.290005,10.33,10.110003,10.279995,2556200,5.463937
2012-02-29,10.390005,10.410003,10.249999,10.279995,8026400,5.463937
2012-02-28,10.439999,10.449999,10.349999,10.379995,3860600,5.517088
2012-02-27,10.339999,10.439999,10.23,10.439999,6260200,5.548981
2012-02-24,10.220001,10.349999,10.200003,10.310003,10885300,5.479887
2012-02-23,9.979995,10.239999,9.969995,10.200003,9603100,5.421421
2012-02-22,10.000004,10.000004,9.900003,9.959997,38512800,5.293854
2012-02-21,10.269996,10.310003,10.169996,10.23,4378300,5.437364
2012-02-17,10.020001,10.239999,10.010002,10.200003,6512500,5.421421
2012-02-16,9.949998,10.059997,9.939999,10.000004,4025900,5.315118
2012-02-15,9.949998,9.979995,9.890004,9.920001,5620200,5.272596
2012-02-14,9.920001,9.949998,9.820001,9.869996,3896200,5.246018
2012-02-13,9.939999,9.990004,9.910002,9.959997,3952900,5.293854
2012-02-10,9.900003,9.969995,9.890004,9.890004,2643300,5.256652
2012-02-09,9.890004,9.990004,9.890004,9.939999,6233700,5.283225
2012-02-08,9.780005,9.949998,9.759996,9.890004,4736100,5.256652
2012-02-07,9.83,9.890004,9.790004,9.820001,4507500,5.219445
2012-02-06,9.939999,9.949998,9.83,9.869996,5983200,5.246018
2012-02-03,10.049998,10.100004,9.839999,9.949998,5131700,5.28854
2012-02-02,9.959997,10.000004,9.869996,10.000004,3214800,5.315118
2012-02-01,9.990004,10.000004,9.83,9.920001,5199100,5.272596
2012-01-31,9.869996,9.969995,9.849998,9.929999,9030500,5.27791
2012-01-30,9.910002,9.979995,9.810002,9.810002,2660600,5.21413
2012-01-27,9.869996,10.000004,9.849998,9.900003,3555200,5.261967
2012-01-26,9.820001,10.000004,9.780005,9.859996,5522400,5.240703
2012-01-25,9.600003,9.780005,9.569995,9.700003,3977200,5.155665
2012-01-24,9.610001,9.639998,9.580005,9.63,2335900,5.118457
2012-01-23,9.610001,9.639998,9.559997,9.62,2658900,5.113142
2012-01-20,9.520001,9.639998,9.449997,9.63,2879500,5.118457
2012-01-19,9.429999,9.500002,9.359996,9.490004,3834800,5.044048
2012-01-18,9.420001,9.459996,9.369995,9.420001,3103600,5.00684
2012-01-17,9.369995,9.449997,9.339998,9.400002,3720200,4.996211
2012-01-13,9.259996,9.369995,9.239998,9.349996,3405100,4.969632
2012-01-12,9.280005,9.329999,9.249997,9.269995,5928200,4.92711
2012-01-11,9.22,9.290003,9.200002,9.249997,30864800,4.916481
2012-01-10,9.410001,9.549997,9.369995,9.500002,2706300,5.049362
2012-01-09,9.229999,9.380005,9.229999,9.359996,1655400,4.974947
2012-01-06,9.110001,9.290003,9.100002,9.229999,2102600,4.905852
2012-01-05,9.22,9.349996,9.029998,9.059996,3378900,4.815493
2012-01-04,9.310002,9.329999,9.210001,9.210001,1967200,4.895223
2012-01-03,9.369995,9.380005,9.280005,9.300002,2484900,4.943059
2011-12-30,9.249997,9.339998,9.210001,9.239998,1510200,4.911166
2011-12-29,9.200002,9.310002,9.180004,9.259996,1278000,4.921796
2011-12-28,9.380005,9.390004,9.139997,9.159996,1969300,4.868645
2011-12-27,9.349996,9.410001,9.310002,9.349996,2152900,4.969632
2011-12-23,9.420001,9.429999,9.259996,9.310002,1531200,4.948374
2011-12-22,9.359996,9.439998,9.310002,9.349996,2428200,4.969632
2011-12-21,9.62,9.780005,9.600003,9.749997,2952300,4.969632
2011-12-20,9.539998,9.62,9.429999,9.610001,2759900,4.898275
2011-12-19,9.520001,9.569995,9.380005,9.390004,2646400,4.786141
2011-12-16,9.439998,9.520001,9.349996,9.500002,2902400,4.842208
2011-12-15,9.349996,9.469995,9.300002,9.400002,2066100,4.791238
2011-12-14,9.210001,9.32,9.210001,9.249997,1926100,4.714779
2011-12-13,9.329999,9.439998,9.249997,9.259996,2103300,4.719876
2011-12-12,9.310002,9.310002,9.210001,9.280005,1523500,4.730074
2011-12-09,9.280005,9.339998,9.159996,9.310002,1622100,4.745364
2011-12-08,9.520001,9.539998,9.249997,9.259996,1609000,4.719876
2011-12-07,9.520001,9.649997,9.469995,9.520001,1602900,4.852402
2011-12-06,9.490004,9.600003,9.459996,9.520001,1765900,4.852402
2011-12-05,9.410001,9.500002,9.349996,9.480005,1338900,4.832016
2011-12-02,9.480005,9.490004,9.310002,9.32,3119800,4.75046
2011-12-01,9.310002,9.449997,9.269995,9.410001,1955000,4.796334
2011-11-30,9.290003,9.359996,9.139997,9.359996,2399600,4.770846
2011-11-29,9.210001,9.249997,9.090003,9.100002,1384600,4.638325
2011-11-28,9.049997,9.180004,9.010001,9.180004,1421100,4.679103
2011-11-25,8.900002,9.059996,8.890002,8.900002,516500,4.536385
2011-11-23,8.959995,8.980004,8.900002,8.900002,1179500,4.536385
2011-11-22,9.139997,9.180004,8.980004,8.980004,1596100,4.577162
2011-11-21,9.269995,9.269995,9.149997,9.149997,1476900,4.663809
2011-11-18,9.200002,9.359996,9.190003,9.300002,1539700,4.740267
2011-11-17,9.280005,9.310002,9.139997,9.190003,1774800,4.6842
2011-11-16,9.290003,9.380005,9.249997,9.280005,1429200,4.730074
2011-11-15,9.259996,9.390004,9.200002,9.300002,1126600,4.740267
2011-11-14,9.349996,9.369995,9.200002,9.259996,1115000,4.719876
2011-11-11,9.280005,9.400002,9.259996,9.369995,1311600,4.775943
2011-11-10,9.269995,9.300002,9.12,9.22,1340100,4.69949
2011-11-09,9.290003,9.359996,9.170006,9.170006,1702900,4.674007
2011-11-08,9.259996,9.380005,9.170006,9.359996,1096900,4.770846
2011-11-07,9.229999,9.269995,9.100002,9.190003,1019100,4.6842
2011-11-04,9.210001,9.259996,9.159996,9.229999,937600,4.704586
2011-11-03,9.000002,9.290003,8.949997,9.229999,2403500,4.704586
2011-11-02,9.22,9.229999,8.970005,9.049997,2225900,4.612838
2011-11-01,9.090003,9.310002,9.090003,9.12,2698400,4.648519
2011-10-31,9.439998,9.490004,9.349996,9.349996,1531900,4.765749
2011-10-28,9.339998,9.500002,9.329999,9.439998,1876900,4.811624
2011-10-27,9.290003,9.410001,9.139997,9.380005,4621500,4.781045
2011-10-26,9.149997,9.190003,9.029998,9.090003,2601600,4.633229
2011-10-25,9.110001,9.139997,9.010001,9.070005,1935100,4.623036
2011-10-24,9.059996,9.269995,9.029998,9.100002,2562800,4.638325
2011-10-21,9.039998,9.059996,8.910001,9.049997,1322900,4.612838
2011-10-20,8.949997,9.000002,8.759995,8.959995,1496000,4.566963
2011-10-19,8.910001,8.970005,8.800002,8.849996,1424100,4.510896
2011-10-18,8.929998,8.970005,8.859995,8.890002,1718700,4.531288
2011-10-17,8.949997,8.980004,8.870005,8.929998,1344900,4.551674
2011-10-14,8.949997,9.000002,8.829998,8.910001,2205600,4.541481
2011-10-13,8.839998,8.939998,8.729999,8.910001,961500,4.541481
2011-10-12,9.100002,9.12,8.770005,8.880004,3126400,4.526191
2011-10-11,9.110001,9.170006,8.959995,9.039998,2056700,4.607741
2011-10-10,9.100002,9.210001,9.010001,9.139997,3138400,4.658712
2011-10-07,9.149997,9.149997,8.890002,9.010001,2975300,4.592452
2011-10-06,8.780003,9.129999,8.780003,9.129999,3234200,4.653615
2011-10-05,8.419999,8.849996,8.360005,8.749996,5527000,4.459926
2011-10-04,8.260005,8.380003,7.719998,8.319999,6981000,4.240753
2011-10-03,8.739997,8.970005,8.429998,8.449996,3081600,4.307014
2011-09-30,8.770005,8.929998,8.71,8.829998,2976100,4.500703
2011-09-29,8.849996,8.939998,8.739997,8.810001,2423500,4.49051
2011-09-28,8.939998,8.939998,8.749996,8.780003,2733900,4.475221
2011-09-27,8.939998,9.029998,8.890002,8.939998,2261600,4.556771
2011-09-26,8.849996,8.900002,8.749996,8.870005,1846800,4.521095
2011-09-23,8.729999,8.910001,8.680003,8.770005,2607000,4.470124
2011-09-22,8.71,9.000002,8.700002,8.759995,6899200,4.465022
2011-09-21,9.639998,9.649997,9.349996,9.349996,4008800,4.561867
2011-09-20,9.920001,9.920001,9.610001,9.610001,3745700,4.688723
2011-09-19,9.880005,9.910002,9.73,9.869996,2491000,4.815575
2011-09-16,9.800003,9.949998,9.700003,9.949998,3000900,4.854608
2011-09-15,9.849998,9.869996,9.610001,9.749997,2829400,4.757027
2011-09-14,9.62,9.680005,9.469995,9.649997,1836600,4.708237
2011-09-13,9.369995,9.559997,9.32,9.559997,2413400,4.664326
2011-09-12,9.32,9.359996,9.180004,9.310002,2237200,4.542353
2011-09-09,9.349996,9.420001,9.22,9.400002,2400400,4.586265
2011-09-08,9.549997,9.590004,9.349996,9.390004,1917700,4.581386
2011-09-07,9.349996,9.569995,9.22,9.569995,3050900,4.669204
2011-09-06,9.080004,9.390004,9.039998,9.280005,2288800,4.527718
2011-09-02,9.100002,9.229999,9.049997,9.210001,3782700,4.493563
2011-09-01,9.549997,9.549997,9.110001,9.300002,6916000,4.537474
2011-08-31,9.649997,9.710002,9.439998,9.569995,2461700,4.669204
2011-08-30,9.469995,9.62,9.349996,9.559997,2231700,4.664326
2011-08-29,9.229999,9.500002,9.229999,9.420001,2286000,4.596022
2011-08-26,8.990003,9.280005,8.949997,9.200002,1823700,4.488684
2011-08-25,9.249997,9.32,8.900002,9.080004,4149500,4.430137
2011-08-24,9.449997,9.449997,9.300002,9.32,3312800,4.547232
2011-08-23,9.53,9.539998,9.380005,9.469995,3148600,4.620414
2011-08-22,9.53,9.63,9.300002,9.480005,2564800,4.625298
2011-08-19,9.490004,9.649997,9.359996,9.369995,3144800,4.571624
2011-08-18,9.72,9.749997,9.290003,9.520001,6085600,4.644812
2011-08-17,9.990004,10.069995,9.900003,10.010002,2280900,4.883884
2011-08-16,9.820001,9.969995,9.749997,9.920001,2631400,4.839972
2011-08-15,9.800003,9.900003,9.749997,9.859996,3244200,4.810696
2011-08-12,9.849998,9.900003,9.549997,9.700003,2825100,4.732635
2011-08-11,9.790004,9.929999,9.690004,9.739999,4372300,4.752149
2011-08-10,9.649997,9.920001,9.369995,9.469995,4758800,4.620414
2011-08-09,8.880004,9.849998,8.790002,9.749997,7782500,4.757027
2011-08-08,8.849996,9.310002,8.749996,8.749996,7334300,4.269126
2011-08-05,9.639998,9.73,8.770005,9.500002,5869700,4.635055
2011-08-04,10.000004,10.03,9.580005,9.580005,3626400,4.674088
2011-08-03,9.959997,10.039999,9.749997,10.03,3267100,4.893641
2011-08-02,10.059997,10.120001,9.880005,9.890004,4693000,4.825336
2011-08-01,10.13,10.220001,9.849998,9.979995,4229100,4.869243
2011-07-29,9.890004,9.890004,9.22,9.800003,13860100,4.781425
2011-07-28,10.010002,10.039999,9.820001,9.949998,3862300,4.854608
2011-07-27,10.210003,10.220001,10.010002,10.03,4219600,4.893641
2011-07-26,10.149998,10.239999,9.969995,10.210003,3877200,4.981464
2011-07-25,10.279995,10.320002,10.100004,10.110003,4437000,4.932674
2011-07-22,10.359997,10.400004,10.320002,10.369996,2541700,5.059525
2011-07-21,10.379995,10.400004,10.339999,10.349999,3538400,5.049768
2011-07-20,10.320002,10.349999,10.290005,10.320002,3742500,5.035133
2011-07-19,10.179995,10.300003,10.169996,10.279995,5580600,5.015613
2011-07-18,10.249999,10.269996,10.149998,10.159997,8489900,4.957066
2011-07-15,10.320002,10.369996,10.179995,10.23,36783400,4.991221
2011-07-14,10.800004,10.84,10.500004,10.510002,2803800,5.127834
2011-07-13,10.74,10.749999,10.620002,10.659998,2192200,5.201017
2011-07-12,10.849999,10.849999,10.620002,10.64,3253000,5.19126
2011-07-11,10.949999,10.969998,10.830002,10.849999,1436400,5.293718
2011-07-08,10.859998,10.979996,10.859998,10.930002,2432700,5.332752
2011-07-07,11.059998,11.059998,10.889995,10.900005,6428600,5.318116
2011-07-06,10.979996,11.030001,10.920002,11.010004,4285300,5.371785
2011-07-05,10.969998,11.000005,10.859998,10.979996,2762700,5.357144
2011-07-01,10.779996,10.889995,10.759997,10.869997,2080900,5.303476
2011-06-30,10.510002,10.769997,10.500004,10.749999,2452600,5.244928
2011-06-29,10.359997,10.520002,10.320002,10.510002,1964900,5.127834
2011-06-28,10.449999,10.469996,10.279995,10.349999,1640400,5.049768
2011-06-27,10.600004,10.620002,10.349999,10.379995,2174300,5.064403
2011-06-24,10.530001,10.590005,10.449999,10.559998,3961500,5.152227
2011-06-23,10.559998,10.579995,10.430001,10.439999,2626200,5.09368
2011-06-22,10.459998,10.679996,10.400004,10.530001,4498100,5.137591
2011-06-21,10.859998,10.869997,10.730001,10.759997,5652200,5.054646
2011-06-20,10.789994,10.820002,10.669997,10.779996,8492100,5.064041
2011-06-17,10.600004,10.600004,10.449999,10.54,2424900,4.9513
2011-06-16,10.569997,10.649998,10.520002,10.549998,1584400,4.955997
2011-06-15,10.769997,10.769997,10.549998,10.569997,1713200,4.965391
2011-06-14,10.590005,10.720003,10.549998,10.669997,1621300,5.012368
2011-06-13,10.490005,10.610003,10.369996,10.510002,2010200,4.937208
2011-06-10,10.679996,10.679996,10.359997,10.430001,3538600,4.899626
2011-06-09,10.800004,10.800004,10.579995,10.649998,3960900,5.002973
2011-06-08,10.610003,10.789994,10.600004,10.759997,2678000,5.054646
2011-06-07,10.620002,10.669997,10.569997,10.600004,3460700,4.979488
2011-06-06,10.649998,10.710003,10.549998,10.590005,2977700,4.974791
2011-06-03,10.659998,10.720003,10.590005,10.630001,2880300,4.993579
2011-06-02,10.620002,10.749999,10.610003,10.700004,2986300,5.026464
2011-06-01,10.84,10.84,10.579995,10.590005,2567900,4.974791
2011-05-31,10.720003,10.74,10.630001,10.74,2492900,5.045252
2011-05-27,10.610003,10.669997,10.530001,10.659998,1260600,5.007671
2011-05-26,10.590005,10.690006,10.520002,10.590005,2123600,4.974791
2011-05-25,10.449999,10.590005,10.439999,10.590005,14997300,4.974791
2011-05-24,10.789994,10.849999,10.779996,10.789994,1085000,5.068738
2011-05-23,10.759997,10.889995,10.700004,10.759997,916900,5.054646
2011-05-20,10.830002,10.830002,10.749999,10.749999,763800,5.049949
2011-05-19,10.74,10.889995,10.700004,10.869997,1281300,5.10632
2011-05-18,10.779996,10.84,10.64,10.690006,586600,5.021767
2011-05-17,10.749999,10.779996,10.700004,10.759997,766700,5.054646
2011-05-16,10.549998,10.769997,10.549998,10.749999,1012200,5.049949
2011-05-13,10.749999,10.749999,10.579995,10.600004,779000,4.979488
2011-05-12,10.600004,10.800004,10.600004,10.759997,883900,5.054646
2011-05-11,10.679996,10.700004,10.600004,10.620002,669900,4.988882
2011-05-10,10.569997,10.690006,10.559998,10.649998,763800,5.002973
2011-05-09,10.510002,10.530001,10.449999,10.530001,622900,4.946603
2011-05-06,10.610003,10.610003,10.449999,10.479995,840900,4.923112
2011-05-05,10.520002,10.630001,10.430001,10.510002,1306600,4.937208
2011-05-04,10.449999,10.54,10.369996,10.479995,840500,4.923112
2011-05-03,10.420002,10.449999,10.369996,10.420002,536300,4.894929
2011-05-02,10.500004,10.530001,10.379995,10.379995,675500,4.876135
2011-04-29,10.530001,10.549998,10.459998,10.459998,684100,4.913718
2011-04-28,10.510002,10.530001,10.449999,10.479995,749400,4.923112
2011-04-27,10.54,10.579995,10.430001,10.479995,762400,4.923112
2011-04-26,10.359997,10.500004,10.339999,10.500004,700500,4.932511
2011-04-25,10.390005,10.400004,10.320002,10.369996,562800,4.871438
2011-04-21,10.369996,10.390005,10.279995,10.349999,562100,4.862044
2011-04-20,10.200003,10.320002,10.149998,10.320002,508700,4.847953
2011-04-19,10.220001,10.220001,10.13,10.14,466800,4.763395
2011-04-18,10.249999,10.269996,10.110003,10.220001,529500,4.800976
2011-04-15,10.210003,10.300003,10.200003,10.269996,1078100,4.824462
2011-04-14,10.13,10.269996,10.110003,10.259997,681600,4.819765
2011-04-13,10.079995,10.179995,10.079995,10.14,692700,4.763395
2011-04-12,10.200003,10.200003,9.920001,10.020001,1529600,4.707024
2011-04-11,10.269996,10.300003,10.13,10.179995,803400,4.782183
2011-04-08,10.290005,10.300003,10.059997,10.249999,1837700,4.815068
2011-04-07,10.430001,10.439999,10.23,10.279995,1730600,4.829159
2011-04-06,10.449999,10.449999,10.420002,10.420002,746800,4.894929
2011-04-05,10.479995,10.490005,10.430001,10.449999,1103600,4.909021
2011-04-04,10.559998,10.590005,10.449999,10.459998,1126900,4.913718
2011-04-01,10.469996,10.500004,10.420002,10.449999,1128500,4.909021
2011-03-31,10.459998,10.530001,10.430001,10.469996,3794800,4.918415
2011-03-30,10.490005,10.500004,10.410003,10.439999,1109800,4.904323
2011-03-29,10.479995,10.530001,10.400004,10.430001,1084800,4.899626
2011-03-28,10.449999,10.479995,10.420002,10.449999,663000,4.909021
2011-03-25,10.400004,10.490005,10.379995,10.430001,1541400,4.899626
2011-03-24,10.510002,10.530001,10.369996,10.390005,898500,4.880838
2011-03-23,10.400004,10.449999,10.33,10.439999,1893900,4.904323
2011-03-22,10.430001,10.439999,10.33,10.369996,1233300,4.871438
2011-03-21,10.490005,10.500004,10.390005,10.439999,1905300,4.904323
2011-03-18,10.349999,10.500004,10.310003,10.459998,2074200,4.913718
2011-03-17,10.549998,10.569997,10.269996,10.290005,2227100,4.833861
2011-03-16,10.64,10.649998,10.359997,10.449999,1420000,4.909021
2011-03-15,10.430001,10.479995,10.300003,10.430001,1338300,4.899626
2011-03-14,10.349999,10.479995,10.33,10.459998,1764300,4.913718
2011-03-11,10.279995,10.479995,10.249999,10.390005,13637600,4.880838
2011-03-10,10.889995,10.910003,10.630001,10.669997,1785200,5.012368
2011-03-09,11.420003,11.440001,11.210004,11.269997,1760200,5.10632
2011-03-08,11.379996,11.489996,11.330002,11.34,1782000,5.138038
2011-03-07,11.400005,11.510005,11.259999,11.330002,2295800,5.133507
2011-03-04,11.25,11.25,11.159998,11.189995,701600,5.070072
2011-03-03,11.300005,11.300005,11.159998,11.189995,1151300,5.070072
2011-03-02,11.15,11.200005,11.120003,11.179997,488700,5.065542
2011-03-01,11.079996,11.200005,11.040001,11.110004,556700,5.033829
2011-02-28,11.310004,11.310004,11.000005,11.049999,1137000,5.006641
2011-02-25,10.949999,11.079996,10.920002,11.059998,1061500,5.011172
2011-02-24,10.849999,11.000005,10.849999,10.900005,742000,4.93868
2011-02-23,10.84,10.900005,10.800004,10.849999,639700,4.916023
2011-02-22,10.759997,10.889995,10.710003,10.779996,630700,4.884305
2011-02-18,10.800004,10.889995,10.74,10.769997,1360000,4.879775
2011-02-17,10.610003,10.789994,10.590005,10.769997,847600,4.879775
2011-02-16,10.54,10.669997,10.500004,10.579995,567900,4.793687
2011-02-15,10.649998,10.649998,10.459998,10.54,741700,4.775566
2011-02-14,10.700004,10.730001,10.610003,10.649998,549600,4.825405
2011-02-11,10.400004,10.669997,10.400004,10.649998,577300,4.825405
2011-02-10,10.369996,10.54,10.269996,10.449999,634300,4.734787
2011-02-09,10.430001,10.569997,10.339999,10.339999,621900,4.684947
2011-02-08,10.169996,10.259997,10.149998,10.259997,381500,4.648699
2011-02-07,10.179995,10.23,10.120001,10.14,332700,4.59433
2011-02-04,10.069995,10.149998,9.959997,10.13,270700,4.589799
2011-02-03,10.149998,10.190004,10.049998,10.059997,263000,4.558081
2011-02-02,10.049998,10.190004,10.049998,10.149998,361900,4.59886
2011-02-01,10.059997,10.190004,9.979995,10.159997,465500,4.60339
2011-01-31,10.14,10.159997,9.900003,10.049998,1761600,4.553551
2011-01-28,10.149998,10.200003,9.959997,10.069995,634800,4.562612
2011-01-27,10.169996,10.169996,9.959997,10.090004,350600,4.571677
2011-01-26,10.000004,10.03,9.929999,10.03,393900,4.54449
2011-01-25,9.900003,9.990004,9.880005,9.969995,269600,4.517302
2011-01-24,9.810002,9.939999,9.759996,9.929999,245800,4.499181
2011-01-21,9.749997,9.859996,9.739999,9.780005,236900,4.43122
2011-01-20,9.910002,9.910002,9.72,9.769996,315600,4.426685
2011-01-19,10.03,10.03,9.810002,9.810002,392500,4.444811
2011-01-18,9.969995,10.000004,9.910002,9.910002,329600,4.49012
2011-01-14,10.000004,10.000004,9.900003,9.949998,270000,4.508242
2011-01-13,9.880005,10.000004,9.780005,9.959997,1109400,4.512772
2011-01-12,9.800003,9.890004,9.759996,9.880005,462700,4.476529
2011-01-11,9.769996,9.790004,9.73,9.790004,361000,4.43575
2011-01-10,9.83,9.839999,9.73,9.749997,301000,4.417624
2011-01-07,9.73,9.790004,9.649997,9.780005,263700,4.43122
2011-01-06,9.910002,9.910002,9.659996,9.73,373300,4.408563
2011-01-05,9.649997,9.810002,9.600003,9.800003,459800,4.440281
2011-01-04,9.749997,9.769996,9.600003,9.62,638800,4.358723
2011-01-03,9.83,9.83,9.690004,9.73,330000,4.408563
2010-12-31,9.900003,9.929999,9.790004,9.790004,186100,4.43575
2010-12-30,9.739999,9.939999,9.739999,9.890004,370200,4.481059
2010-12-29,9.63,9.759996,9.610001,9.73,240500,4.408563
2010-12-28,9.749997,9.800003,9.590004,9.610001,401900,4.354193
2010-12-27,9.759996,9.880005,9.690004,9.72,235900,4.404032
2010-12-23,9.749997,9.810002,9.749997,9.749997,320600,4.417624
2010-12-22,9.680005,9.749997,9.600003,9.72,515700,4.404032
2010-12-21,9.649997,9.690004,9.580005,9.669996,650300,4.381376
2010-12-20,9.559997,9.639998,9.459996,9.580005,997900,4.340602
2010-12-17,9.410001,9.539998,9.380005,9.480005,7069400,4.295293
2010-12-16,9.680005,9.759996,9.659996,9.739999,676200,4.413093
2010-12-15,9.759996,9.900003,9.590004,9.610001,830700,4.354193
2010-12-14,10.300003,10.300003,10.049998,10.110003,864100,4.399502
2010-12-13,10.249999,10.349999,10.159997,10.249999,799200,4.460423
2010-12-10,10.190004,10.269996,10.100004,10.169996,689500,4.425609
2010-12-09,10.179995,10.200003,10.14,10.14,698300,4.412556
2010-12-08,10.14,10.210003,10.039999,10.14,612800,4.412556
2010-12-07,10.000004,10.149998,9.990004,10.14,654200,4.412556
2010-12-06,10.010002,10.049998,9.979995,10.000004,358300,4.351635
2010-12-03,9.959997,10.000004,9.949998,9.990004,304200,4.347283
2010-12-02,10.000004,10.049998,9.939999,9.969995,509100,4.338576
2010-12-01,9.939999,10.010002,9.83,9.959997,661900,4.334225
2010-11-30,9.839999,9.939999,9.780005,9.839999,1387200,4.282006
2010-11-29,9.810002,9.859996,9.749997,9.849998,481500,4.286357
2010-11-26,9.83,9.869996,9.749997,9.810002,126900,4.268953
2010-11-24,9.710002,9.880005,9.669996,9.839999,310800,4.282006
2010-11-23,9.649997,9.710002,9.639998,9.639998,338400,4.194974
2010-11-22,9.690004,9.849998,9.659996,9.659996,519100,4.203676
2010-11-19,9.72,9.739999,9.63,9.680005,399300,4.212383
2010-11-18,9.690004,9.749997,9.610001,9.680005,373500,4.212383
2010-11-17,9.669996,9.669996,9.559997,9.63,267500,4.190622
2010-11-16,9.600003,9.680005,9.549997,9.62,483300,4.186271
2010-11-15,9.649997,9.649997,9.569995,9.63,263700,4.190622
2010-11-12,9.600003,9.63,9.549997,9.569995,191700,4.164511
2010-11-11,9.369995,9.700003,9.369995,9.639998,464300,4.194974
2010-11-10,9.349996,9.410001,9.349996,9.400002,276800,4.090536
2010-11-09,9.390004,9.410001,9.269995,9.32,835000,4.055722
2010-11-08,9.310002,9.32,9.249997,9.269995,354600,4.033961
2010-11-05,9.290003,9.32,9.210001,9.269995,231400,4.033961
2010-11-04,9.210001,9.280005,9.159996,9.269995,237200,4.033961
2010-11-03,9.149997,9.200002,9.12,9.149997,276000,3.981743
2010-11-02,9.210001,9.210001,9.000002,9.139997,519000,3.977391
2010-11-01,9.280005,9.300002,9.180004,9.210001,117600,4.007855
2010-10-29,9.200002,9.300002,9.200002,9.22,104600,4.012206
2010-10-28,9.280005,9.290003,9.190003,9.200002,142000,4.003503
2010-10-27,9.229999,9.249997,9.170006,9.229999,110100,4.016557
2010-10-26,9.210001,9.259996,9.190003,9.239998,158400,4.020908
2010-10-25,9.300002,9.300002,9.22,9.269995,152800,4.033961
2010-10-22,9.310002,9.310002,9.200002,9.290003,129200,4.042669
2010-10-21,9.300002,9.329999,9.210001,9.280005,197800,4.038317
2010-10-20,9.200002,9.300002,9.200002,9.300002,133700,4.04702
2010-10-19,9.269995,9.269995,9.149997,9.210001,159000,4.007855
2010-10-18,9.249997,9.269995,9.200002,9.269995,287500,4.033961
2010-10-15,9.269995,9.269995,9.190003,9.229999,537400,4.016557
2010-10-14,9.259996,9.259996,9.170006,9.229999,475300,4.016557
2010-10-13,9.200002,9.259996,9.149997,9.239998,264800,4.020908
2010-10-12,9.110001,9.190003,9.110001,9.180004,120200,3.994801
2010-10-11,9.170006,9.190003,9.12,9.139997,120200,3.977391
2010-10-08,9.029998,9.159996,9.000002,9.139997,157100,3.977391
2010-10-07,9.149997,9.149997,8.970005,9.010001,193300,3.920822
2010-10-06,9.029998,9.110001,9.029998,9.090003,183700,3.955636
2010-10-05,9.029998,9.100002,8.959995,9.059996,185400,3.942578
2010-10-04,8.880004,9.010001,8.880004,8.959995,120500,3.899061
2010-10-01,8.959995,9.000002,8.849996,8.929998,230100,3.886007
2010-09-30,9.200002,9.200002,8.959995,9.02,212800,3.925173
2010-09-29,8.990003,9.049997,8.919999,9.010001,296800,3.920822
2010-09-28,9.000002,9.02,8.910001,8.990003,248900,3.912119
2010-09-27,9.359996,9.380005,9.310002,9.339998,385400,3.89471
2010-09-24,9.380005,9.380005,9.280005,9.369995,417100,3.907219
2010-09-23,9.32,9.359996,9.300002,9.300002,247300,3.878032
2010-09-22,9.300002,9.390004,9.300002,9.349996,191000,3.898879
2010-09-21,9.349996,9.400002,9.249997,9.310002,318800,3.882202
2010-09-20,9.300002,9.390004,9.269995,9.380005,369600,3.911393
2010-09-17,9.329999,9.410001,9.22,9.249997,296100,3.85718
2010-09-16,9.300002,9.300002,9.170006,9.280005,271500,3.869693
2010-09-15,9.229999,9.310002,9.100002,9.290003,326600,3.873863
2010-09-14,9.290003,9.290003,9.000002,9.170006,513900,3.823824
2010-09-13,9.200002,9.200002,9.010001,9.12,613500,3.802972
2010-09-10,8.829998,8.859995,8.780003,8.819999,188900,3.677874
2010-09-09,8.770005,8.829998,8.759995,8.819999,109400,3.677874
2010-09-08,8.700002,8.780003,8.690003,8.780003,138800,3.661196
2010-09-07,8.719999,8.719999,8.580004,8.649996,123400,3.606984
2010-09-03,8.61,8.690003,8.529998,8.549996,200800,3.565285
2010-09-02,8.670005,8.690003,8.529998,8.570004,178900,3.573628
2010-09-01,8.680003,8.690003,8.600001,8.649996,298000,3.606984
2010-08-31,8.559995,8.659995,8.51,8.619999,168400,3.594476
2010-08-30,8.639997,8.680003,8.549996,8.549996,86700,3.565285
2010-08-27,8.529998,8.649996,8.470005,8.639997,139700,3.602815
2010-08-26,8.71,8.739997,8.500001,8.500001,201000,3.544438
2010-08-25,8.480003,8.659995,8.449996,8.619999,261600,3.594476
2010-08-24,8.639997,8.649996,8.500001,8.539997,115100,3.561116
2010-08-23,8.729999,8.729999,8.580004,8.580004,111400,3.577798
2010-08-20,8.570004,8.719999,8.500001,8.690003,168600,3.623667
2010-08-19,8.490002,8.739997,8.419999,8.570004,225900,3.573628
2010-08-18,8.51,8.549996,8.480003,8.500001,264600,3.544438
2010-08-17,8.480003,8.600001,8.449996,8.500001,317100,3.544438
2010-08-16,8.280003,8.439997,8.280003,8.400001,85500,3.502738
2010-08-13,8.329998,8.419999,8.290002,8.329998,133900,3.473547
2010-08-12,8.339997,8.439997,8.329998,8.339997,93700,3.477717
2010-08-11,8.400001,8.470005,8.349996,8.349996,145400,3.481886
2010-08-10,8.580004,8.61,8.470005,8.480003,106000,3.536099
2010-08-09,8.51,8.649996,8.470005,8.649996,155900,3.606984
2010-08-06,8.500001,8.500001,8.329998,8.449996,267500,3.523586
2010-08-05,8.390002,8.539997,8.31,8.419999,569800,3.511077
2010-08-04,8.319999,8.449996,8.319999,8.400001,178200,3.502738
2010-08-03,8.400001,8.449996,8.329998,8.329998,262200,3.473547
2010-08-02,8.51,8.51,8.380003,8.41,269700,3.506908
2010-07-30,8.400001,8.449996,8.329998,8.429998,335300,3.515247
2010-07-29,8.490002,8.500001,8.329998,8.400001,289000,3.502738
2010-07-28,8.519999,8.519999,8.470005,8.480003,330100,3.536099
2010-07-27,8.51,8.529998,8.480003,8.500001,352900,3.544438
2010-07-26,8.400001,8.490002,8.400001,8.480003,519700,3.536099
2010-07-23,8.390002,8.390002,8.300001,8.349996,238400,3.481886
2010-07-22,8.300001,8.370004,8.280003,8.349996,328200,3.481886
2010-07-21,8.400001,8.400001,8.20,8.21,108900,3.423509
2010-07-20,8.21,8.31,8.21,8.300001,154100,3.461039
2010-07-19,8.360005,8.459995,8.219998,8.239996,99700,3.436017
2010-07-16,8.459995,8.459995,8.31,8.31,176700,3.465208
2010-07-15,8.429998,8.429998,8.300001,8.400001,112500,3.502738
2010-07-14,8.449996,8.490002,8.380003,8.400001,175200,3.502738
2010-07-13,8.490002,8.500001,8.390002,8.490002,203200,3.540268
2010-07-12,8.419999,8.459995,8.349996,8.41,398400,3.506908
2010-07-09,8.449996,8.449996,8.370004,8.390002,197700,3.498569
2010-07-08,8.419999,8.470005,8.339997,8.390002,258700,3.498569
2010-07-07,8.219998,8.370004,8.219998,8.370004,133400,3.49023
2010-07-06,8.41,8.41,8.129997,8.180003,179700,3.411001
2010-07-02,8.349996,8.370004,8.260005,8.290002,82900,3.456869
2010-07-01,8.270004,8.390002,8.139997,8.300001,141300,3.461039
2010-06-30,8.319999,8.400001,8.249995,8.249995,161900,3.440187
2010-06-29,8.21,8.419999,8.21,8.300001,210500,3.461039
2010-06-28,8.400001,8.470005,8.270004,8.329998,296100,3.473547
2010-06-25,8.649996,8.659995,8.519999,8.659995,3796100,3.473547
2010-06-24,8.590002,8.629999,8.559995,8.61,193800,3.453494
2010-06-23,8.619999,8.649996,8.51,8.580004,136700,3.441462
2010-06-22,8.759995,8.759995,8.600001,8.619999,239000,3.457505
2010-06-21,8.700002,8.770005,8.649996,8.719999,82900,3.497615
2010-06-18,8.619999,8.780003,8.580004,8.780003,169600,3.521683
2010-06-17,8.690003,8.759995,8.629999,8.639997,83500,3.465526
2010-06-16,8.700002,8.800002,8.670005,8.690003,220200,3.485584
2010-06-15,8.719999,8.829998,8.690003,8.759995,356600,3.513657
2010-06-14,8.71,8.739997,8.519999,8.570004,149000,3.437452
2010-06-11,8.490002,8.629999,8.41,8.600001,152400,3.449484
2010-06-10,8.360005,8.449996,8.270004,8.41,113800,3.373274
2010-06-09,8.459995,8.459995,8.270004,8.270004,98500,3.317121
2010-06-08,8.349996,8.370004,8.260005,8.300001,73600,3.329153
2010-06-07,8.370004,8.51,8.280003,8.370004,104700,3.357231
2010-06-04,8.290002,8.500001,8.260005,8.370004,128000,3.357231
2010-06-03,8.349996,8.500001,8.260005,8.380003,121600,3.361242
2010-06-02,8.480003,8.480003,8.20,8.349996,144100,3.349206
2010-06-01,8.559995,8.570004,8.380003,8.400001,100900,3.369263
2010-05-28,8.529998,8.639997,8.459995,8.559995,125000,3.433437
2010-05-27,8.400001,8.639997,8.249995,8.590002,115100,3.445473
2010-05-26,8.160005,8.419999,8.160005,8.329998,147900,3.341185
2010-05-25,8.219998,8.270004,8.129997,8.160005,238600,3.273
2010-05-24,8.20,8.380003,8.149995,8.349996,154400,3.349206
2010-05-21,8.070004,8.41,8.000001,8.229998,216900,3.301074
2010-05-20,8.249995,8.260005,8.000001,8.170004,253300,3.277011
2010-05-19,8.339997,8.380003,8.270004,8.329998,97700,3.341185
2010-05-18,8.749996,8.790002,8.249995,8.370004,206800,3.357231
2010-05-17,8.680003,8.729999,8.429998,8.500001,112200,3.409373
2010-05-14,8.639997,8.639997,8.41,8.500001,142100,3.409373
2010-05-13,8.61,8.859995,8.570004,8.649996,154900,3.469537
2010-05-12,8.859995,8.859995,8.690003,8.700002,206600,3.489594
2010-05-11,8.500001,8.859995,8.490002,8.800002,147900,3.529704
2010-05-10,8.829998,8.829998,8.529998,8.749996,180000,3.509647
2010-05-07,8.459995,8.690003,8.249995,8.659995,256700,3.473547
2010-05-06,8.749996,8.749996,8.349996,8.570004,512500,3.437452
2010-05-05,8.849996,8.849996,8.549996,8.749996,333000,3.509647
2010-05-04,8.959995,8.959995,8.719999,8.829998,219200,3.541736
2010-05-03,8.949997,8.949997,8.829998,8.910001,239800,3.573825
2010-04-30,8.900002,8.919999,8.849996,8.880004,266700,3.561793
2010-04-29,8.759995,8.900002,8.759995,8.900002,950800,3.569815
2010-04-28,8.770005,8.870005,8.649996,8.759995,137400,3.513657
2010-04-27,8.859995,8.919999,8.700002,8.780003,494400,3.521683
2010-04-26,8.900002,8.929998,8.849996,8.890002,380400,3.565804
2010-04-23,8.859995,8.939998,8.859995,8.900002,360000,3.569815
2010-04-22,9.000002,9.000002,8.819999,8.939998,322600,3.585857
2010-04-21,8.849996,8.900002,8.749996,8.849996,2496500,3.549757
2010-04-20,9.049997,9.049997,8.949997,8.980004,65100,3.601904
2010-04-19,8.990003,9.269995,8.900002,9.100002,225900,3.650035
2010-04-16,9.249997,9.32,9.129999,9.200002,642300,3.690145
2010-04-15,8.800002,8.990003,8.549996,8.749996,579700,3.509647
2010-04-14,9.000002,9.000002,8.770005,8.849996,80200,3.549757
2010-04-13,8.839998,8.900002,8.639997,8.819999,150400,3.537725
2010-04-12,8.900002,8.900002,8.71,8.749996,222400,3.509647
2010-04-09,8.890002,8.890002,8.700002,8.780003,115800,3.521683
2010-04-08,9.000002,9.000002,8.749996,8.839998,113500,3.545747
2010-04-07,9.000002,9.000002,8.000001,8.970005,101300,3.597893
2010-04-06,9.100002,9.100002,9.080004,9.100002,30900,3.650035
2010-04-05,9.149997,9.159996,9.000002,9.090003,15500,3.646025
2010-04-01,9.049997,9.139997,9.049997,9.100002,15500,3.650035
2010-03-31,9.100002,9.159996,9.039998,9.139997,11800,3.666077
2010-03-30,9.080004,9.129999,9.059996,9.059996,17900,3.633989
2010-03-29,9.300002,9.300002,9.090003,9.090003,72400,3.646025
2010-03-26,9.520001,9.590004,9.480005,9.500002,162400,3.666078
2010-03-25,9.53,9.669996,9.480005,9.490004,168700,3.662219
2010-03-24,9.590004,9.590004,9.480005,9.500002,51800,3.666078
2010-03-23,9.510001,9.549997,9.500002,9.539998,88300,3.681512
2010-03-22,9.53,9.63,9.449997,9.459996,89700,3.650639
2010-03-19,9.500002,9.549997,9.410001,9.500002,102000,3.666078
2010-03-18,9.600003,9.600003,9.459996,9.549997,67500,3.685371
2010-03-17,9.63,9.72,9.500002,9.569995,315000,3.693088
2010-03-16,9.600003,9.649997,9.500002,9.580005,77500,3.696951
2010-03-15,9.72,9.759996,9.539998,9.569995,195200,3.693088
2010-03-12,9.439998,9.63,9.400002,9.510001,291900,3.669936
2010-03-11,9.359996,9.490004,9.349996,9.359996,73100,3.612049
2010-03-10,9.520001,9.62,9.369995,9.400002,122000,3.627487
2010-03-09,9.990004,9.990004,9.449997,9.510001,68900,3.669936
2010-03-08,9.500002,9.800003,9.369995,9.510001,94000,3.669936
2010-03-05,9.739999,9.739999,9.449997,9.490004,68500,3.662219
2010-03-04,9.090003,9.249997,9.000002,9.249997,106900,3.5696
2010-03-03,9.100002,9.190003,9.049997,9.080004,68300,3.503999
2010-03-02,9.149997,9.159996,9.049997,9.100002,94800,3.511716
2010-03-01,9.149997,9.300002,9.149997,9.170006,64700,3.538731
2010-02-26,9.090003,9.110001,9.070005,9.100002,61600,3.511716
2010-02-25,9.100002,9.180004,8.949997,9.100002,58600,3.511716
2010-02-24,9.080004,9.159996,9.070005,9.149997,70900,3.53101
2010-02-23,9.039998,9.049997,8.980004,9.029998,53300,3.484702
2010-02-22,8.829998,9.339998,8.71,9.039998,91600,3.488561
2010-02-19,8.959995,9.000002,8.829998,8.829998,91600,3.407521
2010-02-18,8.990003,9.090003,8.849996,8.949997,78000,3.453829
2010-02-17,9.439998,9.439998,8.980004,9.000002,147000,3.473126
2010-02-16,9.110001,9.190003,9.110001,9.110001,20100,3.515575
2010-02-12,9.100002,9.239998,8.980004,9.149997,42500,3.53101
2010-02-11,8.910001,9.049997,8.900002,9.049997,22000,3.492419
2010-02-10,8.959995,9.12,8.910001,8.910001,32700,3.438394
2010-02-09,8.890002,9.110001,8.890002,8.959995,38400,3.457687
2010-02-08,8.949997,9.090003,8.900002,9.029998,47600,3.484702
2010-02-05,9.000002,9.200002,8.949997,9.12,96100,3.519434
2010-02-04,9.149997,9.149997,8.900002,9.02,46500,3.480843
2010-02-03,9.100002,9.269995,9.090003,9.200002,33900,3.550307
2010-02-02,9.310002,9.310002,9.200002,9.200002,25800,3.550307
2010-02-01,9.380005,9.380005,9.000002,9.000002,18400,3.473126
2010-01-29,9.369995,10.23,9.229999,9.500002,51100,3.666078
2010-01-28,9.200002,9.769996,9.200002,9.249997,40000,3.5696
2010-01-27,9.249997,9.300002,9.100002,9.249997,18700,3.5696
2010-01-26,9.259996,9.349996,9.190003,9.190003,43700,3.546448
2010-01-25,9.400002,9.590004,9.170006,9.249997,38300,3.5696
2010-01-22,9.359996,9.359996,9.300002,9.359996,76400,3.612049
2010-01-21,9.500002,9.580005,9.380005,9.400002,45000,3.627487
2010-01-20,9.690004,9.690004,9.500002,9.669996,5000,3.731678
2010-01-19,9.690004,9.690004,9.600003,9.649997,7700,3.723961
2010-01-15,9.859996,9.859996,9.510001,9.700003,5000,3.743258
2010-01-14,9.700003,9.790004,9.700003,9.790004,2800,3.77799
2010-01-13,9.749997,9.749997,9.649997,9.690004,4700,3.7394
2010-01-12,9.780005,9.790004,9.449997,9.520001,26200,3.673795
2010-01-11,9.669996,9.800003,9.649997,9.749997,10000,3.762551
2010-01-08,9.769996,9.83,9.749997,9.800003,7900,3.781849
2010-01-07,9.769996,9.800003,9.700003,9.800003,51000,3.781849
2010-01-06,9.790004,9.800003,9.700003,9.700003,7100,3.743258
2010-01-05,9.810002,9.810002,9.800003,9.800003,9100,3.781849
2010-01-04,9.800003,9.849998,9.800003,9.810002,12700,3.785707
2009-12-31,9.749997,9.800003,9.700003,9.800003,3500,3.781849
2009-12-30,9.62,9.790004,9.62,9.790004,15800,3.77799
2009-12-29,9.710002,9.990004,9.380005,9.600003,22200,3.704668
2009-12-28,9.749997,9.849998,9.749997,9.800003,19600,3.681512
2009-12-24,9.690004,9.839999,9.249997,9.839999,12500,3.696537
2009-12-23,9.800003,9.800003,9.700003,9.800003,10300,3.681512
2009-12-22,9.500002,9.759996,9.500002,9.749997,8000,3.662727
2009-12-21,9.449997,9.500002,9.449997,9.500002,37300,3.568813
2009-12-18,9.600003,9.600003,9.400002,9.539998,7400,3.583838
2009-12-17,9.610001,9.610001,9.600003,9.600003,4200,3.606379
2009-12-16,9.669996,9.800003,9.649997,9.800003,2400,3.681512
2009-12-15,9.72,9.72,9.449997,9.600003,5200,3.606379
2009-12-14,9.749997,9.749997,9.749997,9.749997,3900,3.662727
2009-12-11,9.710002,9.710002,9.710002,9.710002,200,3.647702
2009-12-10,9.849998,9.849998,9.700003,9.700003,7400,3.643946
2009-12-09,9.890004,9.900003,9.800003,9.800003,8600,3.681512
2009-12-08,9.500002,10.100004,9.500002,9.900003,20500,3.719079
2009-12-07,9.400002,9.500002,9.359996,9.490004,15600,3.565057
2009-12-04,9.239998,9.400002,9.239998,9.400002,500,3.531246
2009-12-03,9.500002,9.500002,9.300002,9.300002,4900,3.49368
2009-12-02,9.380005,9.500002,9.380005,9.500002,29200,3.568813
2009-12-01,9.02,9.390004,8.910001,9.390004,65400,3.52749
2009-11-30,9.010001,9.049997,9.000002,9.049997,8100,3.399762
2009-11-27,9.100002,9.100002,8.949997,9.049997,29700,3.399762
2009-11-25,9.139997,9.249997,9.100002,9.170006,15100,3.444845
2009-11-24,9.139997,9.149997,9.100002,9.149997,6300,3.437328
2009-11-23,9.100002,9.149997,9.049997,9.100002,70600,3.418547
2009-11-20,9.190003,9.239998,9.180004,9.229999,44000,3.467382
2009-11-19,9.100002,9.249997,8.949997,9.249997,38600,3.474895
2009-11-18,9.100002,9.200002,8.990003,9.049997,27200,3.399762
2009-11-17,9.02,9.100002,9.000002,9.080004,70400,3.411034
2009-11-16,9.090003,9.100002,9.000002,9.070005,64800,3.407278
2009-11-13,9.049997,9.090003,8.700002,9.090003,57800,3.414791
2009-11-12,9.200002,9.490004,9.000002,9.02,134300,3.388493
2009-11-11,8.949997,9.000002,8.810001,8.949997,136100,3.362195
2009-11-10,9.200002,9.72,8.749996,8.780003,375500,3.298335
2009-11-09,9.200002,9.200002,9.000002,9.02,55200,3.388493
2009-11-06,9.269995,9.349996,9.090003,9.22,2600,3.463626
2009-11-05,9.300002,9.400002,9.300002,9.369995,28700,3.519974
2009-11-04,9.490004,9.510001,9.12,9.349996,52500,3.512461
2009-11-03,9.569995,9.600003,9.490004,9.510001,40800,3.572569
2009-11-02,9.700003,9.700003,9.649997,9.649997,32000,3.62516
2009-10-30,9.890004,9.900003,9.590004,9.690004,12000,3.64019
