Date, Open, High, Low, Close, Volume, Adj Close, 2 Day Slope, 5 Day Slope, Standard Dev, Optimal Dates, Desired Level 1 Out Buy, Desired Level 1 Out Sell, Profit Speed
'2016-09-16', 27.129999, 27.49, 26.635, 27.0, 96300.0, 27.0, 0.7999990000000032, 0.2199990000000014, 1.0804535197470528, -1.0, 0.5, -1.0, 0.0
'2016-09-15', 26.33, 27.440001, 26.309999, 27.0, 103200.0, 27.0, 0.9500009999999968, -1.990000000000002, 1.0867816370163887, 0.0, 0.8, -0.8, 0.03038355488036473
'2016-09-14', 25.379999, 26.620001, 25.257, 26.42, 56700.0, 26.42, -1.4100019999999986, -4.329999999999998, 1.1196551046641543, 1.0, 1.0, -0.5, 0.03447596668542028
'2016-09-13', 26.790001, 27.23, 25.25, 25.35, 44600.0, 25.35, -0.11999899999999997, -2.8599989999999984, 1.1040309986290218, 0.0, 0.8, -0.1, 0.004230409198815152
'2016-09-12', 26.91, 27.42, 26.76, 26.99, 75500.0, 26.99, -1.4100000000000001, -1.4500010000000003, 1.1224870771938082, 0.0, 0.5, -0.5, 0.002043840579710158
'2016-09-09', 28.32, 28.32, 26.52, 26.9, 122900.0, 26.9, -1.3899989999999995, 0.5200010000000006, 1.175740531863684, 0.0, 0.1, -0.8, -0.008403961864406772
'2016-09-08', 29.709999, 30.09, 28.395, 28.74, 176100.0, 28.74, 0.059999000000001246, 2.2599979999999995, 1.1656953830131778, -1.0, 0.0, -1.0, 0.0
'2016-09-07', 29.65, 30.190001, 29.495001, 30.09, 96000.0, 30.09, 1.2899989999999981, 2.2639999999999993, 1.0639292243693137, 0.0, 0.0, -0.8, 0.002023575042158558
'2016-09-06', 28.360001, 29.719999, 28.336, 29.610001, 83200.0, 29.610001, 0.5600020000000008, 1.100000999999999, 0.9468049681020085, 0.0, 0.0, -0.5, 0.023801092249608864
'2016-09-02', 27.799999, 28.27, 27.059999, 28.030001, 41300.0, 28.030001, 0.34999799999999937, 1.109998000000001, 0.9089148496117992, 0.0, 0.0, -0.1, 0.022901679480875764
'2016-09-01', 27.450001, 27.75, 27.040001, 27.6, 22700.0, 27.6, 0.06400100000000108, 0.6900009999999988, 0.9106501255820363, 0.0, 0.0, 0.0, 0.02058285899515996
'2016-08-31', 27.386, 27.790001, 26.709999, 27.540001, 41000.0, 27.540001, 0.12599999999999767, 0.5959989999999991, 0.9099354034950495, 0.0, 0.0, 0.0, 0.01697216826115534
'2016-08-30', 27.26, 27.93, 26.799999, 27.780001, 32000.0, 27.780001, 0.5699990000000028, 1.2900010000000002, 0.9558587897222519, 0.0, 0.0, 0.0, 0.01497920640743457
'2016-08-29', 26.690001, 27.209999, 26.280001, 27.07, 91300.0, 27.07, -0.06999900000000281, 0.9010009999999973, 0.9363943395934331, 0.0, 0.0, 0.0, 0.016164416243906694
'2016-08-26', 26.76, 27.309999, 26.219999, 26.639999, 31800.0, 26.639999, -0.030000999999998612, 1.4449990000000028, 0.9297373717874003, 0.0, 0.0, 0.0, 0.013779890695067255
'2016-08-25', 26.790001, 27.030001, 26.375, 26.74, 55900.0, 26.74, 0.8200019999999988, 1.0400010000000002, 0.9222107737318143, 0.0, 0.1, 0.0, 0.01211064614078298
'2016-08-24', 25.969999, 26.889999, 25.74, 26.639999, 86400.0, 26.639999, 0.1809989999999999, -1.520000999999997, 0.9228106706773127, 0.0, 0.5, 0.0, 0.01440123274552301
'2016-08-23', 25.789, 26.1, 25.49, 25.790001, 36600.0, 25.790001, 0.4739990000000027, -0.2609989999999982, 0.9422181666615389, 0.0, 0.8, 0.0, 0.013821957212201107
'2016-08-22', 25.315001, 25.610001, 25.014999, 25.530001, 36000.0, 25.530001, -0.43499900000000125, -1.5849989999999998, 0.959447066231569, 1.0, 1.0, 0.0, 0.014467699737927461
'2016-08-19', 25.75, 27.68, 24.52, 24.879999, 49600.0, 24.879999, -1.7399999999999984, -0.4699990000000014, 0.9673481293035261, 0.0, 0.8, 0.0, 0.01182972068707991
'2016-08-18', 27.49, 27.49, 25.42, 25.77, 25000.0, 25.77, 1.4400009999999988, 1.4899999999999984, 1.0229228554600887, 0.0, 0.5, 0.0, 0.005768328742919508
'2016-08-17', 26.049999, 26.379999, 25.030001, 25.48, 63700.0, 25.48, -0.8500009999999989, -0.010000000000001563, 1.0249997043578916, 0.0, 0.1, 0.0, 0.009366603046702613
'2016-08-16', 26.9, 27.42, 26.030001, 26.110001, 67500.0, 26.110001, 0.6800009999999972, -0.4400000000000013, 1.1459449190565427, 0.0, 0.0, 0.0, 0.006528808085501862
'2016-08-15', 26.219999, 27.059999, 26.02, 26.889999, 53200.0, 26.889999, 0.2199990000000014, -1.010000999999999, 1.2212192438344174, 0.0, 0.0, 0.0, 0.00782967679163751
'2016-08-12', 26.0, 26.67, 25.26, 26.190001, 38200.0, 26.190001, -0.059999000000001246, -2.1799999999999997, 1.2898260840905627, 0.0, 0.0, 0.0, 0.007927348290598291
'2016-08-11', 26.059999, 26.379999, 25.309999, 26.09, 57800.0, 26.09, -1.2800009999999986, -1.6800009999999972, 1.3127998081117216, 0.0, 0.0, -0.1, 0.007371652744802279
'2016-08-10', 27.34, 27.450001, 25.83, 25.83, 580600.0, 25.83, 0.10999999999999943, 0.9799989999999994, 1.3711381161001173, 0.0, 0.0, -0.5, 0.004334306876371617
'2016-08-09', 27.23, 27.780001, 26.674999, 27.43, 62500.0, 27.43, -0.9499999999999993, 1.859999000000002, 1.4277233980090744, 0.0, 0.0, -0.8, 0.004336951541542065
'2016-08-08', 28.18, 28.18, 27.02, 27.26, 48600.0, 27.26, 0.4400000000000013, 2.4299999999999997, 1.4066815623067344, -1.0, 0.0, -1.0, 0.0
'2016-08-05', 27.74, 28.26, 27.219999, 28.139999, 70400.0, 28.139999, 1.379998999999998, 1.8999999999999986, 1.3256931764176738, 0.0, 0.0, -0.8, 0.015861571737563133
'2016-08-04', 26.360001, 28.299999, 26.360001, 27.530001, 119200.0, 27.530001, 0.990000000000002, 1.3600010000000005, 1.213368962627234, 0.0, 0.0, -0.5, 0.034521982757132655
'2016-08-03', 25.370001, 26.110001, 24.959999, 26.040001, 58700.0, 26.040001, -0.37999900000000153, -0.25, 1.1759269273784527, 0.0, 0.0, -0.1, 0.036920232416756064
'2016-08-02', 25.75, 25.870001, 25.01, 25.67, 32400.0, 25.67, -0.08999999999999986, 0.48999999999999844, 1.1705568394858201, 0.0, 0.0, 0.0, 0.023592233009708734
'2016-08-01', 25.84, 26.120001, 25.370001, 25.690001, 76700.0, 25.690001, 0.8399999999999999, 0.8299999999999983, 1.1575587560803007, 0.0, 0.0, 0.0, 0.018111455108359133
'2016-07-29', 25.0, 25.959999, 24.93, 25.719999, 45500.0, 25.719999, -0.6200009999999985, -0.17999999999999972, 1.1342527888733898, 0.0, 0.0, 0.0, 0.021199999999999997
'2016-07-28', 25.620001, 25.620001, 24.940001, 25.190001, 35900.0, 25.190001, 0.3600009999999969, 0.7800009999999986, 1.1304799630443876, 0.0, 0.0, 0.0, 0.014274556150764516
'2016-07-27', 25.26, 25.700001, 25.0, 25.530001, 68200.0, 25.530001, 0.25, 0.20000100000000032, 1.1111209989017243, 0.0, 0.0, 0.0, 0.01444972288202691
'2016-07-26', 25.01, 25.35, 24.621, 25.24, 274900.0, 25.24, -0.16999999999999815, 0.880001, 1.1015760875422136, 0.0, 0.0, 0.0, 0.01408325558665422
'2016-07-25', 25.18, 25.27, 24.27, 25.07, 62200.0, 25.07, 0.33999999999999986, -0.33000000000000185, 1.0973373884090527, 0.0, 0.1, 0.0, 0.011914217633042096
'2016-07-22', 24.84, 25.549999, 24.75, 25.190001, 88900.0, 25.190001, -0.2199990000000014, -0.9200000000000017, 1.0871360998310908, 0.0, 0.5, 0.0, 0.012223686136729615
'2016-07-21', 25.059999, 25.360001, 24.209999, 24.610001, 67000.0, 24.610001, 0.9299999999999997, -0.510000999999999, 1.0905707733620698, 0.0, 0.8, 0.0, 0.010375103499937617
'2016-07-20', 24.129999, 24.98, 23.665001, 24.860001, 35300.0, 24.860001, -1.380001, -2.6799999999999997, 1.1265237032276623, 1.0, 1.0, 0.0, 0.012910839261184316
'2016-07-19', 25.51, 25.6, 23.99, 24.120001, 89500.0, 24.120001, -0.25, -1.520000999999997, 1.2124117206810727, 0.0, 0.8, 0.0, 0.0074760598084784614
'2016-07-18', 25.76, 25.780001, 24.82, 25.5, 64300.0, 25.5, 0.19000000000000128, 0.7800000000000011, 1.3194795833039548, 0.0, 0.5, 0.0, 0.006262939958592127
'2016-07-15', 25.57, 25.93, 25.040001, 25.799999, 43300.0, 25.799999, -1.239999000000001, 0.5399990000000017, 1.4956863736761286, 0.0, 0.1, 0.0, 0.006379546343371137
'2016-07-14', 26.809999, 26.82, 24.775, 25.389999, 125800.0, 25.389999, -0.22000199999999737, 2.699998000000001, 1.5867870256452328, 0.0, 0.0, 0.0, 0.0030059044059511887
'2016-07-13', 27.030001, 28.24, 26.309999, 26.57, 339900.0, 26.57, 2.050000999999998, 2.84, 1.59648098529248, 0.0, 0.0, 0.0, 0.002363626746936983
'2016-07-12', 24.98, 25.389999, 24.620001, 25.07, 57200.0, 25.07, -0.050000999999998186, 2.0500000000000007, 1.5836829948994704, 0.0, 0.0, 0.0, 0.006742235893978339
'2016-07-11', 25.030001, 25.17, 24.459999, 24.780001, 31600.0, 24.780001, 0.9199999999999982, 2.0300009999999986, 1.6298481046337492, 0.0, 0.0, 0.0, 0.006292446812127577
'2016-07-08', 24.110001, 24.860001, 23.75, 24.83, 81700.0, 24.83, -0.0799999999999983, 0.9700020000000009, 1.6997563461862588, 0.0, 0.0, 0.0, 0.008038551146906886
'2016-07-07', 24.190001, 24.23, 23.440001, 24.040001, 35800.0, 24.040001, 1.260000999999999, 0.21000099999999833, 1.7239419015733768, 0.0, 0.0, 0.0, 0.007497461075305079
'2016-07-06', 22.93, 24.209999, 22.93, 24.0, 69300.0, 24.0, -0.07000000000000028, -0.14000000000000057, 1.7356875860080985, 0.0, 0.0, -0.1, 0.009954682493031723
'2016-07-05', 23.0, 23.620001, 22.879999, 23.139999, 102400.0, 23.139999, -0.13999899999999954, 0.8299999999999983, 1.6941989443065086, 0.0, 0.0, -0.5, 0.009384057971014492
'2016-07-01', 23.139999, 23.73, 22.620001, 23.16, 123600.0, 23.16, -0.8400010000000009, -0.22000200000000092, 1.6604379129884044, 0.0, 0.0, -0.8, 0.008712188794822334
'2016-06-30', 23.98, 24.059999, 22.84, 23.18, 132500.0, 23.18, 0.9100000000000001, 1.0800000000000018, 1.6170032803925891, -1.0, 0.0, -1.0, 0.0
'2016-06-29', 23.07, 23.790001, 22.870001, 23.610001, 35800.0, 23.610001, 0.8999999999999986, -1.149999000000001, 1.6197817864557449, 0.0, 0.0, -0.8, 0.03944516688339836
'2016-06-28', 22.17, 23.65, 22.17, 22.879999, 57200.0, 22.879999, -1.1900009999999988, -2.09, 1.5823757809770371, 0.0, 0.0, -0.5, 0.040820929183581385
'2016-06-27', 23.360001, 23.48, 21.76, 22.0, 149400.0, 22.0, 0.4600010000000019, -0.8199989999999993, 1.5047977350241457, 0.0, 0.0, -0.1, 0.00884701731533887
'2016-06-24', 22.9, 23.65, 22.08, 23.530001, 709500.0, 23.530001, -1.3199990000000028, -0.9600010000000019, 1.4967367951648884, 0.0, 0.0, 0.0, 0.011790393013100458
'2016-06-23', 24.219999, 24.76, 23.965, 24.059999, 116300.0, 24.059999, -0.040001000000000175, -0.6800009999999972, 1.5467668528616625, 0.0, 0.1, 0.0, -0.0019818250198936917
'2016-06-22', 24.26, 24.799999, 23.83, 24.040001, 94100.0, 24.040001, 0.08000000000000185, -0.23999999999999844, 1.5701809020408328, 0.0, 0.5, 0.0, -0.001923605386095089
'2016-06-21', 24.18, 24.52, 23.48, 24.389999, 56000.0, 24.389999, 0.31999899999999926, -0.08999999999999986, 1.5835824216841692, 0.0, 0.8, 0.0, -0.0011816140848398872
'2016-06-20', 23.860001, 24.59, 23.639999, 23.99, 47600.0, 23.99, -1.0399989999999981, -0.2999989999999997, 1.662539649318482, 1.0, 1.0, 0.0, 0.0006286619602404877
'2016-06-17', 24.9, 24.9, 23.059999, 23.57, 168300.0, 23.57, 0.3999999999999986, 0.8400009999999973, 1.7478172256084998, 0.0, 0.8, 0.0, -0.004105310129406506
'2016-06-16', 24.5, 24.950001, 24.27, 24.809999, 69300.0, 24.809999, 0.23000000000000043, 0.23999999999999844, 1.8146863458277935, 0.0, 0.5, 0.0, -0.002122448979591835
'2016-06-15', 24.27, 25.23, 24.27, 24.639999, 64800.0, 24.639999, 0.10999999999999943, -0.760000999999999, 1.9203555459458468, 0.0, 0.1, 0.0, -0.00108626437427426
'2016-06-14', 24.16, 24.639999, 23.139999, 24.15, 132800.0, 24.15, 0.1000009999999989, -1.899999000000001, 1.9171154784323692, 0.0, 0.0, 0.0, -0.0006208609271523168
'2016-06-13', 24.059999, 24.870001, 23.5, 24.209999, 82100.0, 24.209999, -0.20000100000000032, -2.8400009999999973, 1.9439378309962336, 0.0, 0.0, 0.0, -0.0002557676428319591
'2016-06-10', 24.26, 24.613001, 23.6, 24.18, 73600.0, 24.18, -0.770000999999997, -3.270000999999997, 1.9533010256715222, 0.0, 0.0, 0.0, -0.0008244023083264666
'2016-06-09', 25.030001, 25.200001, 24.469999, 24.610001, 48300.0, 24.610001, -1.0299980000000026, -3.59, 1.967238986555206, 0.0, 0.0, 0.0, -0.0027966465789061113
'2016-06-08', 26.059999, 26.059999, 25.15, 25.209999, 82900.0, 25.209999, -0.8400009999999973, -1.6499999999999986, 1.9686810869548759, 0.0, 0.0, 0.0, -0.00498848589748603
'2016-06-07', 26.9, 26.9, 25.76, 26.030001, 80300.0, 26.030001, -0.630001, -0.120000000000001, 1.9579395031513351, 0.0, 0.0, 0.0, -0.006385305051388582
'2016-06-06', 27.530001, 27.530001, 26.219999, 26.92, 126300.0, 26.92, -1.0899999999999999, 0.7800009999999986, 1.9258896907837595, 0.0, 0.0, 0.0, -0.00716390376367141
'2016-06-03', 28.620001, 28.620001, 27.1, 27.25, 54800.0, 27.25, 0.9100019999999986, 1.759999999999998, 1.8596900073221427, 0.0, 0.0, 0.0, -0.008532864095545222
'2016-06-02', 27.709999, 28.780001, 27.48, 28.639999, 77700.0, 28.639999, 0.6899990000000003, 0.25, 1.7160743497038844, 0.0, 0.0, 0.0, -0.006730420668726837
'2016-06-01', 27.02, 27.93, 26.77, 27.73, 82100.0, 27.73, 0.2699999999999996, 0.370000000000001, 1.6167254504709507, 0.0, 0.0, 0.0, -0.005357583447886925
'2016-05-31', 26.75, 27.23, 26.309999, 27.0, 239700.0, 27.0, -0.11000100000000046, 0.4299999999999997, 1.5889731704610193, 0.0, 0.0, 0.0, -0.004706881903143585
'2016-05-27', 26.860001, 26.860001, 24.74, 26.33, 55500.0, 26.33, -0.5999979999999994, 1.350000999999999, 1.8191030051467212, 0.0, 0.0, 0.0, -0.004661855179477048
'2016-05-26', 27.459999, 27.459999, 26.65, 26.75, 52800.0, 26.75, 0.8099990000000012, 1.2199990000000014, 1.788293674819796, 0.0, 0.0, 0.0, -0.0052804065409227914
'2016-05-25', 26.65, 27.370001, 26.309999, 27.32, 102600.0, 27.32, 0.3299999999999983, 1.0399989999999981, 1.710063581625099, 0.0, 0.0, 0.0, -0.004007504690431517
'2016-05-24', 26.32, 26.709999, 25.620001, 26.459999, 108100.0, 26.459999, 0.8099999999999987, 2.4400009999999988, 1.6615563319973423, 0.0, 0.0, 0.0, -0.0034194528875379935
'2016-05-23', 25.51, 26.65, 25.51, 26.07, 118900.0, 26.07, -0.7299999999999969, 1.380001, 1.6249289194711858, 0.0, 0.0, 0.0, -0.002221351104142168
'2016-05-20', 26.24, 26.440001, 25.280001, 25.389999, 278700.0, 25.389999, 0.629998999999998, 2.59, 1.616561574701212, 0.0, 0.0, 0.0, -0.0030760017421602765
'2016-05-19', 25.610001, 26.330999, 24.83, 26.049999, 167700.0, 26.049999, 1.730001999999999, 2.0600020000000008, 1.6411154206008278, 0.0, 0.0, 0.0, -0.0021947258430205746
'2016-05-18', 23.879999, 26.030001, 23.59, 25.690001, 185600.0, 25.690001, -0.25, 1.779999, 1.6803678198340486, 0.0, 0.0, 0.0, 0.00013958822471753997
'2016-05-17', 24.129999, 24.33, 23.66, 23.940001, 125900.0, 23.940001, 0.47999900000000295, 0.6499990000000011, 1.7346650906348275, 0.0, 0.0, 0.0, -0.00020052538830834076
'2016-05-16', 23.65, 24.219999, 23.360001, 24.190001, 139400.0, 24.190001, 0.1000009999999989, -0.120000000000001, 1.7870627212024608, 0.0, 0.0, 0.0, 0.00043604651162790946
'2016-05-13', 23.549999, 23.940001, 22.99, 23.4, 124000.0, 23.4, 1.4499989999999983, 1.2599979999999995, 1.8876079358808764, 0.0, 0.0, -0.1, 0.0005533050482649005
'2016-05-12', 22.1, 23.690001, 21.950001, 23.559999, 480100.0, 23.559999, -1.379999999999999, 0.1400010000000016, 1.9314168531936402, 0.0, 0.0, -0.5, 0.0025019962736225697
'2016-05-11', 23.48, 23.879999, 22.379999, 22.440001, 82000.0, 22.440001, -0.28999999999999915, 1.029999, 1.8703424778486142, 0.0, 0.0, -0.8, 0.0006084205402774397
'2016-05-10', 23.77, 25.610001, 23.030001, 23.709999, 71800.0, 23.709999, 1.4799989999999994, 2.2100009999999983, 1.8530613918283694, -1.0, 0.0, -1.0, 0.0
'2016-05-09', 22.290001, 24.219999, 22.290001, 23.709999, 97800.0, 23.709999, 0.33000200000000035, -2.3099990000000012, 1.8379233259217151, 0.0, 0.1, -0.8, 0.06639743982066217
'2016-05-06', 21.959999, 22.499001, 21.799999, 22.1, 94200.0, 22.1, -0.4900020000000005, -1.0800020000000004, 1.7659461968872305, 0.0, 0.5, -0.3, 0.04121131790579771
'2016-05-05', 22.450001, 22.85, 21.639999, 22.120001, 96500.0, 22.120001, 0.8900019999999991, -1.129998999999998, 1.6893419707482429, 0.0, 0.8, -0.3, 0.019599093410582316
'2016-05-04', 21.559999, 24.280001, 21.559999, 22.35, 180100.0, 22.35, -3.040001, -1.9300009999999972, 1.6277283877021855, 1.0, 1.0, -0.8, 0.025626172338876246
'2016-05-03', 24.6, 25.110001, 23.9, 24.5, 115000.0, 24.5, 1.5599990000000012, 0.11000000000000298, 1.5686602696541743, -1.0, 0.8, -1.0, 0.0
'2016-05-02', 23.040001, 25.1, 22.940001, 24.98, 155200.0, 24.98, -0.5399989999999981, -2.16, 1.7219264481254066, 0.0, 0.5, -0.8, 0.06770828699182788
'2016-04-29', 23.58, 23.82, 22.48, 23.049999, 200900.0, 23.049999, 0.08999999999999986, -1.9400000000000013, 1.8684873921033869, 0.0, 0.1, -0.5, 0.021628498727735437
'2016-04-28', 23.49, 23.82, 23.02, 23.5, 92600.0, 23.5, -1.0, -1.2199990000000014, 2.048716971903913, 0.0, 0.0, -0.1, 0.015751383567475564
'2016-04-27', 24.49, 24.5, 23.129999, 23.52, 105000.0, 23.52, -0.7100010000000019, 0.2999989999999997, 2.2974256462727203, 0.0, 0.0, 0.0, 0.001122907309105788
'2016-04-26', 25.200001, 25.325001, 23.76, 24.440001, 116900.0, 24.440001, -0.31999899999999926, 1.0700019999999988, 2.6638281971079105, 0.0, 0.0, 0.0, -0.0047619125094479076
'2016-04-25', 25.52, 25.6, 24.92, 25.16, 65900.0, 25.16, 0.8100009999999997, -0.9100000000000001, 2.7350913262474115, 0.0, 0.1, 0.0, -0.006008359456635306
'2016-04-22', 24.709999, 25.74, 24.6, 25.5, 59900.0, 25.5, 0.5199980000000011, -5.140001000000002, 2.8564825329509476, 0.0, 0.5, 0.0, -0.0006359426747505182
'2016-04-21', 24.190001, 24.950001, 23.85, 24.889999, 99500.0, 24.889999, 0.060001999999997224, -1.7799980000000026, 2.9435510142865167, 0.0, 0.8, -0.1, 0.002118638812788819
'2016-04-20', 24.129999, 24.83, 23.299999, 24.25, 137400.0, 24.25, -2.300000999999998, -1.140000999999998, 3.0264298446241304, 1.0, 1.0, -0.5, 0.0021642078531927548
'2016-04-19', 26.43, 26.51, 23.34, 24.120001, 336400.0, 24.120001, -3.4200000000000017, 1.759999999999998, 3.067899344085545, 0.0, 0.8, -0.8, -0.006923950056753682
'2016-04-18', 29.85, 30.4, 26.07, 26.25, 540600.0, 26.25, 3.880001, 5.020000000000003, 3.108432194748927, -1.0, 0.3, -1.0, 0.0
'2016-04-15', 25.969999, 26.01, 25.32, 25.92, 70200.0, 25.92, 0.6999990000000018, 0.8799990000000015, 2.945596091128152, 0.0, 0.3, -0.8, 0.14940320174829425
'2016-04-14', 25.27, 26.209999, 24.809999, 26.129999, 74100.0, 26.129999, 0.5999999999999979, -1.5200010000000006, 2.9400662108323883, 0.0, 0.8, -0.5, 0.09062129006727349
'2016-04-13', 24.67, 25.24, 24.0, 25.200001, 122100.0, 25.200001, -0.1599999999999966, -2.0300009999999986, 2.997289792846287, 1.0, 1.0, -0.1, 0.06999054181867315
'2016-04-12', 24.83, 25.190001, 24.0, 24.530001, 61500.0, 24.530001, -0.26000000000000156, -2.020000000000003, 3.0599384576001754, 0.0, 0.8, 0.0, 0.050543697140555816
'2016-04-11', 25.09, 25.33, 24.42, 24.85, 139700.0, 24.85, -1.7000010000000003, -1.8200000000000003, 3.115531733229588, 0.0, 0.5, 0.0, 0.03794340374651257
'2016-04-08', 26.790001, 26.790001, 25.02, 25.27, 80700.0, 25.27, 0.08999999999999986, -1.3299999999999983, 3.1461882786078537, 0.0, 0.1, 0.0, 0.01903694715552021
'2016-04-07', 26.700001, 27.24, 26.02, 26.42, 66000.0, 26.42, -0.1499990000000011, -0.6399989999999995, 3.085470757441598, 0.0, 0.0, -0.1, 0.016853926602581674
'2016-04-06', 26.85, 27.77, 24.190001, 26.940001, 129100.0, 26.940001, -0.05999999999999872, 0.979999000000003, 3.025148911389044, 0.0, 0.0, -0.5, 0.013966480446927373
'2016-04-05', 26.91, 27.639999, 26.780001, 26.82, 60500.0, 26.82, -1.2100009999999983, 1.2669999999999995, 2.9083050611367907, 0.0, 0.0, -0.8, 0.012139229530533884
'2016-04-04', 28.120001, 28.905001, 27.02, 27.049999, 132500.0, 27.049999, 0.7800009999999986, 3.0799999999999983, 2.7668625483839, -1.0, 0.0, -1.0, 0.0
'2016-04-01', 27.34, 28.5, 26.99, 27.985001, 173800.0, 27.985001, 1.4699990000000014, 2.7199990000000014, 2.510526024783674, 0.0, 0.0, -0.8, 0.02852966349670807
'2016-03-31', 25.870001, 27.719999, 25.870001, 27.34, 334600.0, 27.34, 0.2270009999999978, 2.259999999999998, 2.245234065294877, 0.0, 0.0, -0.5, 0.04348666240871039
'2016-03-30', 25.643, 26.290001, 24.874001, 25.540001, 127000.0, 25.540001, 0.6029990000000005, 1.6929990000000004, 2.0877241715121553, 0.0, 0.0, -0.1, 0.03219853371290408
'2016-03-29', 25.040001, 25.48, 23.809999, 25.48, 114900.0, 25.48, 0.4200000000000017, 2.6200009999999985, 1.891923491787751, 0.0, 0.0, 0.0, 0.03075079749397772
'2016-03-28', 24.620001, 25.43, 24.475, 25.120001, 199200.0, 25.120001, 1.009999999999998, 3.320001999999999, 1.7232241685284608, 0.0, 0.0, 0.0, 0.028432167813478158
'2016-03-24', 23.610001, 24.92, 23.07, 24.690001, 96600.0, 24.690001, -0.33999999999999986, 2.960001000000002, 1.595167135039991, 0.0, 0.0, 0.0, 0.031836790971193366
'2016-03-23', 23.950001, 24.625999, 22.945, 23.84, 224900.0, 23.84, 1.5300009999999986, 3.730001999999999, 1.5126778983204665, 0.0, 0.0, 0.0, 0.02487324679920829
'2016-03-22', 22.42, 24.405001, 22.42, 24.030001, 274600.0, 24.030001, 1.120001000000002, 3.370001000000002, 1.3542444583852633, 0.0, 0.0, 0.0, 0.03177966659232826
'2016-03-21', 21.299999, 23.4, 21.299999, 22.299999, 160800.0, 22.299999, 0.6499990000000011, 3.959999, 1.2297426839250538, 0.0, 0.0, 0.0, 0.03557643359513772
'2016-03-18', 20.65, 21.705, 20.25, 21.41, 452700.0, 21.41, 0.4300009999999972, -0.4299999999999997, 1.175745859869593, 0.0, 0.1, 0.0, 0.03617433898305085
'2016-03-17', 20.219999, 20.459999, 19.549999, 20.41, 150000.0, 20.41, 1.1700000000000017, 0.5, 1.1502496637979056, 0.0, 0.5, 0.0, 0.03551839938271014
'2016-03-16', 19.049999, 21.639999, 18.530001, 20.34, 232700.0, 20.34, 1.7099989999999998, -1.230001999999999, 1.149039272213695, 0.0, 0.8, 0.0, 0.03967630129534389
'2016-03-15', 17.34, 19.51, 16.5, 19.32, 209800.0, 19.32, -3.7399999999999984, -2.869999, 1.1555422543552651, 1.0, 1.0, 0.0, 0.04782184810575814
'2016-03-14', 21.08, 21.219999, 20.040001, 20.709999, 45700.0, 20.709999, 1.360000999999997, -0.11000100000000046, 1.1247032479727581, 0.0, 0.8, 0.0, 0.023854706560043373
'2016-03-11', 19.719999, 20.639999, 18.5, 20.459999, 47400.0, 20.459999, -0.5600019999999972, -0.27000099999999705, 1.0864703878771147, 0.0, 0.5, 0.0, 0.028397574124285358
'2016-03-10', 20.280001, 20.9, 18.754999, 19.57, 57000.0, 19.57, 0.07000199999999879, -0.01999800000000107, 1.0996650368384726, 0.0, 0.1, 0.0, 0.024161734508790212
'2016-03-09', 20.209999, 20.27, 19.5, 20.049999, 48400.0, 20.049999, -0.9800019999999989, -0.5700019999999988, 1.0984676264791382, 0.0, 0.0, 0.0, 0.023022971712869336
'2016-03-08', 21.190001, 21.299999, 19.559999, 20.139999, 101000.0, 20.139999, 1.2000010000000003, 1.9600009999999983, 1.089064075913312, 0.0, 0.0, 0.0, 0.018168946759370138
'2016-03-07', 19.99, 21.370001, 19.549999, 21.290001, 33400.0, 21.290001, -0.30999900000000125, 0.8999999999999986, 1.0352699802469265, 0.0, 0.0, 0.0, 0.021405442194781604
'2016-03-04', 20.299999, 21.200001, 20.0, 20.139999, 62800.0, 20.139999, -0.48000199999999893, 1.4399979999999992, 1.0527363463852057, 0.0, 0.0, 0.0, 0.019261089618772886
'2016-03-03', 20.780001, 21.35, 20.075001, 20.41, 50800.0, 20.41, 1.5500009999999982, 1.8000009999999982, 1.0861838809952047, 0.0, 0.0, 0.0, 0.01682020176629489
'2016-03-02', 19.23, 21.68, 18.67, 20.9, 88100.0, 20.9, 0.14000000000000057, -0.050000999999998186, 1.0494857472963728, 0.0, 0.0, 0.0, 0.0210135701791708
'2016-03-01', 19.09, 20.040001, 18.4, 19.34, 99000.0, 19.34, 0.2299989999999994, 0.35999999999999943, 1.0589929148018171, 0.0, 0.0, 0.0, 0.02056619901154713
'2016-02-29', 18.860001, 19.370001, 18.559999, 18.790001, 134700.0, 18.790001, -0.11999899999999997, -0.6599989999999991, 1.104651719351903, 0.0, 0.0, 0.0, 0.020457757840698587
'2016-02-26', 18.98, 19.445, 18.32, 18.879999, 63500.0, 18.879999, -0.3000009999999982, -0.3000009999999982, 1.1628088932314886, 0.0, 0.0, -0.1, 0.019262383561643833
'2016-02-25', 19.280001, 19.299999, 18.299999, 18.860001, 101800.0, 18.860001, 0.5500009999999982, 0.6699999999999982, 1.265311728837535, 0.0, 0.0, -0.5, 0.01763485385711339
'2016-02-24', 18.73, 19.587, 18.09, 19.219999, 73700.0, 19.219999, -0.7899999999999991, -0.4299999999999997, 1.3995832740102876, 0.0, 0.0, -0.8, 0.018567955943129457
'2016-02-23', 19.52, 19.860001, 18.459999, 18.959999, 196000.0, 18.959999, 0.23999900000000096, 1.4099989999999991, 1.5845319186155924, -1.0, 0.0, -1.0, 0.0
'2016-02-22', 19.280001, 19.655001, 18.98, 19.549999, 106400.0, 19.549999, 0.6699999999999982, 0.8299999999999983, 1.7704026930492647, 0.0, 0.0, -0.8, 0.012448080267215805
'2016-02-19', 18.610001, 19.41, 18.424999, 19.16, 66200.0, 19.16, -0.5499989999999997, 0.7300019999999989, 1.9587153319233526, 0.0, 0.0, -0.5, 0.02444919266796383
'2016-02-18', 19.16, 19.5, 18.43, 18.870001, 103200.0, 18.870001, 1.0499989999999997, 2.2600000000000016, 2.285943180046359, 0.0, 0.0, -0.1, 0.006263048016701451
'2016-02-17', 18.110001, 19.299999, 17.99, 19.129999, 63400.0, 19.129999, -0.33999999999999986, 1.1800010000000007, 2.5505847050780877, 0.0, 0.1, 0.0, 0.0194643694387427
'2016-02-16', 18.450001, 18.65, 17.559999, 17.969999, 147400.0, 17.969999, 0.5700019999999988, 1.5300009999999986, 2.7981129940730525, 0.0, 0.5, 0.0, 0.01159890452038457
'2016-02-12', 17.879999, 19.1, 17.059999, 17.959999, 103300.0, 17.959999, 0.979999000000003, -1.0300009999999986, 3.1184530727804383, 0.0, 0.8, 0.0, 0.015287109356102292
'2016-02-11', 16.9, 18.629999, 16.84, 17.360001, 164000.0, 17.360001, -0.030000000000001137, -3.0, 3.3769380032410616, 1.0, 1.0, 0.0, 0.022147083685545237
'2016-02-10', 16.93, 17.965, 16.6, 17.27, 67000.0, 17.27, 0.00999999999999801, -2.8799990000000015, 3.5352815942911473, 0.0, 0.8, 0.0, 0.01912285883047844
'2016-02-09', 16.92, 17.91, 16.360001, 16.780001, 120600.0, 16.780001, -1.9899999999999984, -3.259999999999998, 3.85207535956925, 0.0, 0.5, 0.0, 0.017073811400052517
'2016-02-08', 18.91, 18.940001, 17.18, 17.18, 162800.0, 17.18, -0.9899999999999984, -0.9400000000000013, 4.09170465869674, 0.0, 0.1, 0.0, 0.0032258064516129
'2016-02-05', 19.9, 20.34, 18.950001, 19.25, 160000.0, 19.25, 0.09000099999999733, -0.5500010000000017, 4.314462554847175, 0.0, 0.0, 0.0, -0.0017359524897213295
'2016-02-04', 19.809999, 20.620001, 19.68, 20.07, 181900.0, 20.07, -0.37000099999999847, -0.3200000000000003, 4.479617890487805, 0.0, 0.0, 0.0, -0.0012199184529657712
'2016-02-03', 20.18, 20.24, 18.83, 19.98, 172700.0, 19.98, 0.3299999999999983, -0.11999899999999997, 4.6384250874360555, 0.0, 0.0, 0.0, -0.0025158191659678288
'2016-02-02', 19.85, 20.17, 19.219999, 20.07, 115700.0, 20.07, -0.6000009999999989, -0.389999999999997, 4.725630351401759, 0.0, 0.0, 0.0, -0.0011874775098956523
'2016-02-01', 20.450001, 20.6, 19.17, 20.110001, 187400.0, 20.110001, 0.3200019999999988, 0.6600000000000001, 4.792226289996539, 0.0, 0.0, 0.0, -0.003031787952805807
'2016-01-29', 20.129999, 20.950001, 19.715, 20.66, 189000.0, 20.66, -0.16999999999999815, 0.26999800000000107, 4.766156771334111, 0.0, 0.0, 0.0, -0.0018939363832059862
'2016-01-28', 20.299999, 20.299999, 19.58, 20.17, 160900.0, 20.17, 0.059999000000001246, -0.2200009999999999, 4.681653022944471, 0.0, 0.0, 0.0, -0.002260211644229493
'2016-01-27', 20.24, 20.26, 19.315001, 20.110001, 122700.0, 20.110001, 0.44999899999999826, -0.8099990000000012, 4.602567296469869, 0.0, 0.0, 0.0, -0.001976284584980234
'2016-01-26', 19.790001, 20.42, 18.440001, 20.27, 123300.0, 20.27, -0.07000000000000028, 0.36000100000000046, 4.499141121028988, 0.0, 0.0, -0.1, -0.0007180686321020627
'2016-01-25', 19.860001, 20.51, 19.35, 19.709999, 106100.0, 19.709999, -0.6599989999999991, -0.13999899999999954, 4.345880076675507, 0.0, 0.1, -0.5, -0.0008559944181271716
'2016-01-22', 20.52, 20.52, 19.67, 19.959999, 101700.0, 19.959999, -0.5299990000000001, -0.4800000000000004, 4.181957046168771, 0.0, 0.5, -0.8, -0.002320616355704075
'2016-01-21', 21.049999, 21.049999, 19.549999, 20.040001, 161600.0, 20.040001, 1.619999, -0.33999999999999986, 4.013258941586362, -1.0, 0.8, -1.0, -0.003303820066257918
'2016-01-20', 19.43, 21.67, 18.66, 20.959999, 121400.0, 20.959999, -0.5700000000000003, -2.779999, 3.8766677083117838, 1.0, 1.0, -0.8, 0.00020139184139273615
'2016-01-19', 20.0, 21.514999, 19.459999, 19.709999, 211900.0, 19.709999, -1.0, -2.84, 3.579712989926028, 0.0, 0.8, -0.5, -0.0010000000000000009
'2016-01-15', 21.0, 21.98, 19.344999, 20.67, 131400.0, 20.67, -0.38999899999999954, -2.8799990000000015, 3.3076071512702403, 0.0, 0.5, -0.1, -0.00281904761904762
'2016-01-14', 21.389999, 22.07, 19.809999, 21.68, 105800.0, 21.68, -0.8200000000000003, -2.8100020000000008, 3.0778867461838213, 0.0, 0.1, 0.0, -0.0033624610483403232
'2016-01-13', 22.209999, 22.459999, 20.76, 21.16, 159800.0, 21.16, -0.630001, -2.470001, 2.916970439990518, 0.0, 0.0, 0.0, -0.00448579905800953
'2016-01-12', 22.84, 23.469999, 21.32, 22.110001, 82500.0, 22.110001, -1.0399990000000017, -4.080000000000002, 2.820569396321836, 0.0, 0.0, 0.0, -0.005191393545158869
'2016-01-11', 23.879999, 23.99, 22.0, 22.68, 118400.0, 22.68, -0.3200019999999988, -2.990001999999997, 2.622252846745972, 0.0, 0.0, 0.0, -0.00629584587099222
'2016-01-08', 24.200001, 24.549999, 23.605, 23.790001, 132500.0, 23.790001, -0.4799989999999994, -3.4699990000000014, 2.462742928322132, 0.0, 0.0, 0.0, -0.006446282102770712
'2016-01-07', 24.68, 24.85, 22.85, 24.0, 137900.0, 24.0, -2.240000000000002, -4.48, 2.245163477789679, 0.0, 0.0, 0.0, -0.006744392743242536
'2016-01-06', 26.92, 27.974001, 24.57, 25.27, 121900.0, 25.27, 0.049999000000003235, -2.5799999999999983, 2.0116505625316687, 0.0, 0.0, 0.0, -0.00859026745913819
'2016-01-05', 26.870001, 28.389999, 26.870001, 27.950001, 75800.0, 27.950001, -0.7999990000000032, -2.679998000000001, 1.9373100044479212, 0.0, 0.0, 0.0, -0.008289069398631693
'2016-01-04', 27.67, 28.299999, 26.530001, 27.309999, 84600.0, 27.309999, -1.4899999999999984, -4.730001999999999, 1.8245577021661936, 0.0, 0.0, 0.0, -0.008663024298985949
'2015-12-31', 29.16, 29.573999, 28.379999, 28.450001, 119300.0, 28.450001, -0.33999999999999986, -3.4000009999999996, 1.7418174758314255, 0.0, 0.0, 0.0, -0.009445424260239076
'2015-12-30', 29.5, 29.959999, 29.049999, 29.209999, 56200.0, 29.209999, -0.04999899999999968, -2.630001, 1.7362012247370546, 0.0, 0.0, 0.0, -0.009397363465160076
'2015-12-29', 29.549999, 29.98, 29.35, 29.73, 60800.0, 29.73, -2.850003000000001, -1.9300010000000007, 1.7935779888630567, 0.0, 0.0, 0.0, -0.009173640041546333
'2015-12-28', 32.400002, 32.650002, 29.01, 29.33, 153000.0, 29.33, -0.15999899999999911, 0.2700010000000006, 1.8725274823085165, 0.0, 0.0, 0.0, -0.010461339510183722
'2015-12-24', 32.560001, 33.0, 31.299999, 32.580002, 72000.0, 32.580002, 0.4299999999999997, 1.3300009999999993, 1.938765637203368, 0.0, 0.0, 0.0, -0.01026901074112375
'2015-12-23', 32.130001, 32.419998, 31.41, 32.32, 111800.0, 32.32, 0.6500009999999996, 0.4200020000000002, 1.9636788155003961, 0.0, 0.0, 0.0, -0.009811702931475166
'2015-12-22', 31.48, 32.362999, 30.83, 31.790001, 58900.0, 31.790001, -0.6500009999999996, 2.119999, 1.9952288588643254, 0.0, 0.0, 0.0, -0.009266433198004152
'2015-12-21', 32.130001, 32.130001, 30.743999, 31.469999, 93400.0, 31.469999, 0.9000009999999996, 4.070001999999999, 2.266542229329497, 0.0, 0.0, 0.0, -0.009344478982357301
'2015-12-18', 31.23, 32.57, 30.370001, 31.940001, 455300.0, 31.940001, -0.4799989999999994, 2.330000000000002, 2.5423251377693465, 0.0, 0.0, 0.0, -0.008719999404269896
'2015-12-17', 31.709999, 31.84, 29.01, 31.42, 132600.0, 31.42, 2.3499979999999994, 2.9199979999999996, 2.609436550998991, 0.0, 0.0, 0.0, -0.008736847699622503
'2015-12-16', 29.360001, 31.83, 28.66, 31.690001, 241300.0, 31.690001, 1.3000019999999992, 0.9800019999999989, 2.682380409611442, 0.0, 0.0, 0.0, -0.007447775253443925
'2015-12-15', 28.059999, 28.99, 27.98, 28.99, 91600.0, 28.99, -0.8400009999999973, -1.0400010000000002, 2.79066816177307, 0.0, 0.0, 0.0, -0.006616256549899131
'2015-12-14', 28.9, 30.34, 27.67, 27.709999, 102900.0, 27.709999, 0.1099989999999984, 0.9400009999999988, 2.9564076155136623, 0.0, 0.0, 0.0, -0.006905690937200912
'2015-12-11', 28.790001, 29.49, 27.299999, 28.9, 148000.0, 28.9, 0.41000199999999865, -1.0999979999999994, 3.044364129505992, 0.0, 0.0, 0.0, -0.006708058844226277
'2015-12-10', 28.379999, 29.75, 28.23, 29.57, 87400.0, 29.57, -0.7200009999999999, 0.4399980000000028, 3.137593941988116, 0.0, 0.0, -0.1, -0.006371258368347688
'2015-12-09', 29.1, 29.1, 28.07, 28.41, 76800.0, 28.41, 1.1400010000000016, -1.2999999999999972, 3.2333476351162176, 0.0, 0.1, -0.5, -0.006584192439862544
'2015-12-08', 27.959999, 29.57, 27.76, 29.26, 63500.0, 29.26, -1.9299999999999997, -3.2000010000000003, 3.3329084325123057, 0.0, 0.5, -0.8, -0.005918819112639748
'2015-12-07', 29.889999, 30.280001, 28.0, 28.110001, 65000.0, 28.110001, 1.9499980000000008, -3.5500000000000007, 3.380253947383319, -1.0, 0.8, -1.0, -0.009858369907160809
'2015-12-04', 27.940001, 30.200001, 27.93, 30.15, 69700.0, 30.15, -2.459999, -6.539998999999998, 3.434140699926166, 1.0, 1.0, -0.8, -0.007954836115870506
'2015-12-03', 30.4, 31.309999, 28.51, 28.6, 170700.0, 28.6, -0.7600000000000016, -2.2300010000000015, 3.513795202926827, 0.0, 0.8, -0.5, -0.009611431949013156
'2015-12-02', 31.16, 31.379999, 30.309999, 30.49, 143900.0, 30.49, -2.279999, -1.6300009999999965, 3.577894885077975, 0.0, 0.5, -0.1, -0.009831953359007274
'2015-12-01', 33.439999, 33.439999, 29.92, 30.91, 168300.0, 30.91, -1.0400009999999966, 1.859999000000002, 3.5536925855604244, 0.0, 0.1, 0.0, -0.010897481327851786
'2015-11-30', 34.48, 34.830002, 32.400002, 32.93, 165900.0, 32.93, 1.8499989999999968, 3.4699999999999953, 3.413228460055635, 0.0, 0.0, 0.0, -0.01112860540271793
'2015-11-27', 32.630001, 35.0, 32.630001, 34.099998, 44500.0, 34.099998, -0.1599999999999966, 0.4299999999999997, 3.203656766217904, 0.0, 0.0, 0.0, -0.009858005282384829
'2015-11-25', 32.790001, 33.68, 31.900999, 32.52, 100500.0, 32.52, 1.2100009999999983, 1.2900009999999966, 3.2084874032271147, 0.0, 0.0, 0.0, -0.009676649639362662
'2015-11-24', 31.58, 33.48, 31.101, 32.939999, 144300.0, 32.939999, 0.5699999999999967, 1.3499999999999979, 3.154166349981557, 0.0, 0.0, 0.0, -0.008774708343055231
'2015-11-23', 31.01, 32.459999, 30.219999, 31.68, 132500.0, 31.68, -1.1900009999999988, 1.649999000000001, 3.166663368321156, 0.0, 0.0, 0.0, -0.008235557595151275
'2015-11-20', 32.200001, 33.799999, 30.9, 30.91, 198800.0, 30.91, 0.7000010000000003, 4.2400020000000005, 3.0801340381007964, 0.0, 0.0, 0.0, -0.008656833582085915
'2015-11-19', 31.5, 31.780001, 30.41, 31.5, 97400.0, 31.5, 1.2699999999999996, 4.0, 2.904367612093591, 0.0, 0.0, 0.0, -0.00809136740224545
'2015-11-18', 30.23, 31.629999, 28.76, 31.09, 173400.0, 31.09, 0.869999, 3.0399990000000017, 2.783044457616004, 0.0, 0.0, 0.0, -0.007230282910385457
'2015-11-17', 29.360001, 32.099998, 29.02, 30.139999, 322700.0, 30.139999, 1.4000020000000006, 1.8000019999999992, 2.7453735942248705, 0.0, 0.0, 0.0, -0.006582283851595111
'2015-11-16', 27.959999, 28.91, 27.25, 28.84, 125600.0, 28.84, 0.4599989999999998, 0.5099979999999995, 2.706427366802647, 0.0, 0.0, 0.0, -0.005616790420681151
'2015-11-13', 27.5, 28.969999, 27.25, 28.15, 127200.0, 28.15, 0.30999900000000125, 3.59, 2.7007191754050495, 0.0, 0.0, 0.0, -0.00521212202020202
'2015-11-12', 27.190001, 27.99, 27.0, 27.74, 1328900.0, 27.74, -0.3699980000000025, 4.239999999999998, 2.7773586510488903, 0.0, 0.0, 0.0, -0.004909095234966195
'2015-11-11', 27.559999, 28.5, 26.146, 27.940001, 259400.0, 27.940001, 0.10999800000000093, 1.769998000000001, 2.812988949032389, 0.0, 0.0, 0.0, -0.0050257853165332975
'2015-11-10', 27.450001, 28.1, 24.280001, 26.75, 677400.0, 26.75, 3.540001, 2.380001, 2.8263849079935777, 0.0, 0.0, 0.0, -0.00485731767368606
'2015-11-09', 23.91, 29.99, 23.91, 27.68, 967700.0, 27.68, 0.9599989999999998, -0.9400000000000013, 2.740547429166591, 0.0, 0.0, 0.0, -0.0024411278689643995
'2015-11-06', 22.950001, 23.92, 22.33, 23.25, 122200.0, 23.25, -2.84, -0.5599990000000012, 2.7203620257442958, 0.0, 0.0, 0.0, -0.0016557750912516303
'2015-11-05', 25.790001, 25.83, 22.58, 22.98, 148000.0, 22.98, 0.7200009999999999, 0.9900020000000005, 2.719215060511325, 0.0, 0.0, 0.0, -0.0036037693711711964
'2015-11-04', 25.07, 25.98, 24.66, 25.84, 123900.0, 25.84, 0.21999999999999886, 0.5899999999999999, 2.624826027771587, 0.0, 0.0, 0.0, -0.003083674173851677
'2015-11-03', 24.85, 25.17, 24.459999, 24.940001, 78600.0, 24.940001, 1.3399999999999999, 0.630001, 2.5589080351197655, 0.0, 0.0, 0.0, -0.0028852367032382985
'2015-11-02', 23.51, 25.559999, 23.379999, 24.98, 72700.0, 24.98, -1.2899989999999981, -0.33999999999999986, 2.4907880926147876, 0.0, 0.0, 0.0, -0.001937710509318337
'2015-10-30', 24.799999, 24.959999, 23.110001, 23.379999, 64900.0, 23.379999, 0.31999899999999926, -0.3100020000000008, 2.462562912238758, 0.0, 0.0, 0.0, -0.002749266973027627
'2015-10-29', 24.48, 25.18, 23.809999, 23.879999, 56200.0, 23.879999, 0.26000099999999904, 0.19999900000000181, 2.3779620155083423, 0.0, 0.0, -0.1, -0.002502043213118581
'2015-10-28', 24.219999, 25.0, 23.6, 24.48, 120200.0, 24.48, 0.36999899999999997, 0.3899990000000031, 2.3028924368088943, 0.0, 0.0, -0.5, -0.0022962030298894452
'2015-10-27', 23.85, 24.85, 23.459999, 24.200001, 151000.0, 24.200001, -1.260000999999999, 0.7000000000000028, 2.2380609836196355, 0.0, 0.0, -0.8, -0.002024145883033327
'2015-10-26', 25.110001, 25.27, 23.1, 24.120001, 99500.0, 24.120001, 0.8300000000000018, 0.510000999999999, 2.195505653739137, -1.0, 0.1, -1.0, 0.0
'2015-10-23', 24.280001, 25.559999, 24.280001, 25.09, 150600.0, 25.09, 0.4500010000000003, 0.1100009999999969, 2.091179231502454, 0.0, 0.5, -0.8, 0.03418451259536612
'2015-10-22', 23.83, 24.68, 22.74, 24.110001, 184400.0, 24.110001, 0.6799999999999997, 0.9899999999999984, 2.026102557018299, 0.0, 0.8, -0.5, 0.02685692404532107
'2015-10-21', 23.15, 23.959999, 22.030001, 23.6, 141700.0, 23.6, -1.4500000000000028, 2.91, 1.9610503072079934, 1.0, 1.0, -0.8, 0.028221756659467273
'2015-10-20', 24.6, 24.6, 22.030001, 22.73, 28300.0, 22.73, 0.4299999999999997, 4.460001000000002, 1.9242990005484273, -1.0, 0.8, -1.0, 0.0
'2015-10-19', 24.17, 25.440001, 22.18, 22.860001, 119700.0, 22.860001, 1.3300000000000018, 4.66, 1.790610692337024, 0.0, 0.5, -0.8, 0.01779064956557715
'2015-10-16', 22.84, 24.73, 22.84, 24.209999, 117500.0, 24.209999, 2.6000000000000014, 1.6399989999999995, 1.668890943431374, 0.0, 0.1, -0.5, 0.03852889667250441
'2015-10-15', 20.24, 24.190001, 20.194, 22.74, 352600.0, 22.74, 0.1000009999999989, -0.040001000000000175, 1.6160441279455513, 0.0, 0.5, -0.1, 0.07180500658761534
'2015-10-14', 20.139999, 21.0, 19.299999, 20.120001, 94400.0, 20.120001, 0.629998999999998, 0.9299999999999997, 1.6155440639819447, 0.0, 0.8, -0.5, 0.055362477922665264
'2015-10-13', 19.51, 20.9, 18.731001, 20.07, 96800.0, 20.07, -1.6900009999999988, 0.979999000000003, 1.6263636132183341, 1.0, 1.0, -0.8, 0.052178370066632486
'2015-10-12', 21.200001, 21.200001, 19.07, 19.41, 107800.0, 19.41, 0.9200000000000017, 2.480001999999999, 1.616820727642347, -1.0, 0.8, -1.0, 0.0
'2015-10-09', 20.280001, 21.594, 20.280001, 21.17, 63100.0, 21.17, 1.0700019999999988, 1.3100019999999972, 1.6117122359364378, 0.0, 0.5, -0.8, 0.04536488928181028
'2015-10-08', 19.209999, 20.360001, 18.540001, 20.299999, 58700.0, 20.299999, 0.6799980000000012, 1.769998000000001, 1.611517717164133, 0.0, 0.1, -0.5, 0.05179599436730841
'2015-10-07', 18.530001, 19.610001, 17.549999, 19.440001, 43900.0, 19.440001, -0.18999800000000278, 0.8100019999999972, 1.5964527224027747, 0.0, 0.0, -0.1, 0.04803021867079234
'2015-10-06', 18.719999, 18.82, 17.049999, 18.290001, 57300.0, 18.290001, -0.25, 1.619999, 1.580488981184307, 0.0, 0.0, 0.0, 0.03311968659827384
'2015-10-05', 18.969999, 19.469999, 17.76, 18.84, 73800.0, 18.84, 1.5299980000000026, 0.619999, 1.7199131196470068, 0.0, 0.1, 0.0, 0.02351082886193087
'2015-10-02', 17.440001, 18.854, 16.540001, 18.690001, 87500.0, 18.690001, -0.27999800000000263, -3.649999000000001, 1.8101398487165683, 0.0, 0.5, 0.0, 0.03593271965217588
'2015-10-01', 17.719999, 17.735001, 16.209999, 17.719999, 108000.0, 17.719999, 0.619999, -5.140001999999999, 1.7518013633592138, 0.0, 0.8, 0.0, 0.028055483685814127
'2015-09-30', 17.1, 17.766001, 16.325001, 17.48, 229400.0, 17.48, -1.25, -3.709999, 1.6812146997534847, 1.0, 1.0, 0.0, 0.02997076754385964
'2015-09-29', 18.35, 19.115999, 16.395, 16.950001, 254900.0, 16.950001, -2.7399999999999984, -1.9799999999999969, 1.564351864369423, 0.0, 0.8, 0.0, 0.017257045110505593
'2015-09-28', 21.09, 21.74, 18.530001, 18.540001, 369700.0, 18.540001, -1.7700010000000006, 0.6900000000000013, 1.5135348758674947, 0.0, 0.5, 0.0, 0.0005215789473684233
'2015-09-25', 22.860001, 23.040001, 20.370001, 21.200001, 69200.0, 21.200001, 2.050001999999999, 0.8600010000000005, 1.51628878107061, 0.0, 0.1, 0.0, -0.006601447257552216
'2015-09-24', 20.809999, 23.555, 20.809999, 22.83, 198000.0, 22.83, 0.47999900000000295, -0.7200019999999974, 1.466292705499337, 0.0, 0.0, 0.0, 0.0015617572430765897
'2015-09-23', 20.33, 21.370001, 20.066, 20.93, 80700.0, 20.93, -0.07000000000000028, -1.4100000000000001, 1.4669775743042701, 0.0, 0.0, 0.0, 0.003291842294449287
'2015-09-22', 20.4, 21.09, 19.77, 20.42, 127500.0, 20.42, -1.6000000000000014, -1.6400010000000016, 1.4760656709421374, 0.0, 0.0, 0.0, 0.0028011239495798384
'2015-09-21', 22.0, 23.26, 20.5, 20.75, 59200.0, 20.75, 0.4699990000000014, -0.5300009999999986, 1.4758245819580456, 0.0, 0.0, 0.0, -0.002424239393939393
'2015-09-18', 21.530001, 22.408001, 21.530001, 21.790001, 149400.0, 21.790001, -0.20999899999999982, -1.349998000000003, 1.4548367164433402, 0.0, 0.0, 0.0, -0.0009579655848599307
'2015-09-17', 21.74, 22.290001, 21.559999, 21.92, 29400.0, 21.92, -0.30000100000000174, -0.979999000000003, 1.4434389203105202, 0.0, 0.0, 0.0, -0.0014611153200930736
'2015-09-16', 22.040001, 22.08, 21.5, 21.889999, 40700.0, 21.889999, -0.48999999999999844, 0.1700000000000017, 1.449247898816057, 0.0, 0.0, 0.0, -0.002117362275376787
'2015-09-15', 22.530001, 22.77, 21.24, 22.09, 68600.0, 22.09, -0.3499980000000029, 0.630001, 1.4196251164540468, 0.0, 0.0, 0.0, -0.00310696834855888
'2015-09-14', 22.879999, 23.370001, 21.9, 22.639999, 43300.0, 22.639999, 0.16000000000000014, 1.8799990000000015, 1.3667359933068604, 0.0, 0.0, 0.0, -0.0036713244611592884
'2015-09-11', 22.719999, 22.93, 22.094, 22.65, 76300.0, 22.65, 0.8499980000000029, 2.359998000000001, 1.2863341082836124, 0.0, 0.0, 0.0, -0.0031857773031969405
'2015-09-10', 21.870001, 23.08, 21.68, 22.610001, 141300.0, 22.610001, -0.02999900000000011, 0.9000019999999971, 1.2060339221046394, 0.0, 0.0, 0.0, -0.0013925260202112186
'2015-09-09', 21.9, 22.35, 21.08, 21.82, 88500.0, 21.82, 0.8999999999999986, 1.2999999999999972, 1.1792211340260694, 0.0, 0.0, 0.0, -0.0013897141155449638
'2015-09-08', 21.0, 21.844999, 20.709999, 21.629999, 97700.0, 21.629999, 0.6399989999999995, 1.6000000000000014, 1.2622221212521092, 0.0, 0.0, 0.0, 0.0003968273809523816
'2015-09-04', 20.360001, 21.219999, 20.360001, 20.83, 29300.0, 20.83, -0.6099980000000009, 0.010000999999999038, 1.4557694392238678, 0.0, 0.0, 0.0, 0.0016502946144256081
'2015-09-03', 20.969999, 21.08, 20.459999, 20.66, 36700.0, 20.66, 0.36999899999999997, 0.6299990000000015, 1.5115629437110396, 0.0, 0.0, 0.0, 0.00042185174969396646
'2015-09-02', 20.6, 21.0, 19.74, 20.99, 62400.0, 20.99, 1.2000000000000028, -0.010000999999999038, 1.5375915339258288, 0.0, 0.0, 0.0, 0.0010787504494786028
'2015-09-01', 19.4, 20.32, 19.4, 20.030001, 40900.0, 20.030001, -0.9500000000000028, -0.6499990000000011, 1.586257519110222, 0.0, 0.0, -0.1, 0.003313698453608251
'2015-08-31', 20.35, 20.450001, 19.43, 20.1, 30600.0, 20.1, 0.010000000000001563, 1.3900010000000016, 1.6175272320841207, 0.0, 0.0, -0.5, 0.0014403134796238224
'2015-08-28', 20.34, 20.51, 19.73, 20.51, 47000.0, 20.51, -0.2700010000000006, 3.9699990000000014, 1.6197375973630712, 0.0, 0.0, -0.8, 0.0014093756145526063
'2015-08-27', 20.610001, 20.799999, 19.35, 20.540001, 78900.0, 20.540001, 0.5600020000000008, 3.6100010000000005, 1.6280214566564275, -1.0, 0.1, -1.0, 0.0
'2015-08-26', 20.049999, 20.795, 18.530001, 20.389999, 88300.0, 20.389999, 1.0899999999999999, 1.2399999999999984, 1.6504909983262304, 0.0, 0.5, -0.8, 0.02793027570724571
'2015-08-25', 18.959999, 20.18, 18.190001, 19.620001, 134300.0, 19.620001, 2.5899980000000014, -1.0100000000000016, 1.6570288380446039, 0.0, 0.8, -0.5, 0.04351271326543848
'2015-08-24', 16.370001, 18.809999, 16.24, 18.309999, 73600.0, 18.309999, -0.6299990000000015, -3.479999000000003, 1.6998546966302484, 1.0, 1.0, -0.1, 0.08633678967602594
'2015-08-21', 17.0, 18.5, 17.0, 17.459999, 75400.0, 17.459999, -1.8099990000000012, -2.9500010000000003, 1.6863440725263585, 0.0, 0.8, 0.0, 0.053088250000000003
'2015-08-20', 18.809999, 19.1, 17.17, 17.620001, 110400.0, 17.620001, -1.1600000000000001, -1.1300019999999975, 1.7011685181565661, 0.0, 0.5, 0.0, 0.019138778263624565
'2015-08-19', 19.969999, 19.969999, 18.93, 19.01, 61500.0, 19.01, 0.11999899999999997, -1.4600009999999983, 1.7778804045080336, 0.0, 0.1, 0.0, 0.005341362310533908
'2015-08-18', 19.85, 20.5, 18.309999, 20.129999, 113400.0, 20.129999, -0.1000009999999989, -1.0599999999999987, 1.7900131299488222, 0.0, 0.0, 0.0, 0.005469600575746664
'2015-08-17', 19.950001, 20.99, 19.35, 20.18, 72900.0, 20.18, 0.010000000000001563, -1.5599990000000012, 1.801962695433416, 0.0, 0.0, 0.0, 0.0041353381385795425
'2015-08-14', 19.940001, 20.049999, 18.6, 19.83, 80900.0, 19.83, -1.489999000000001, -0.8099990000000012, 1.814285782468402, 0.0, 0.0, 0.0, 0.0037334223024584924
'2015-08-13', 21.43, 21.530001, 19.879999, 19.9, 32400.0, 19.9, 0.5199999999999996, 1.259999999999998, 1.801882508332218, 0.0, 0.0, 0.0, -0.0038264069062062494
'2015-08-12', 20.91, 21.99, 19.59, 21.389999, 97500.0, 21.389999, -0.6000000000000014, 0.3500009999999989, 1.7247842011394567, 0.0, 0.0, 0.0, -0.0013042867701404273
'2015-08-11', 21.51, 22.0, 20.82, 21.09, 140400.0, 21.09, 0.7600000000000016, 2.490000000000002, 1.6668444773984183, 0.0, 0.0, 0.0, -0.003486746474507985
'2015-08-10', 20.75, 21.98, 20.5, 21.92, 100200.0, 21.92, 0.5799999999999983, 0.7600000000000016, 1.5659542454470394, 0.0, 0.0, 0.0, -0.0005189953660797018
'2015-08-07', 20.17, 20.870001, 20.139999, 20.52, 66200.0, 20.52, -0.38999899999999954, -0.7999989999999997, 1.5176464568755736, 0.0, 0.0, 0.0, 0.001558187548693246
'2015-08-06', 20.559999, 21.0, 19.059999, 20.27, 55200.0, 20.27, 1.5399990000000017, -0.34000099999999733, 1.5116737192265783, 0.0, 0.0, 0.0, 0.00016213360062257854
'2015-08-05', 19.02, 20.74, 19.02, 20.49, 44200.0, 20.49, -0.9699999999999989, -1.740000000000002, 1.4866945525449928, 0.0, 0.0, 0.0, 0.005224766692954788
'2015-08-04', 19.99, 20.139999, 19.51, 19.77, 47000.0, 19.77, -0.979999000000003, -1.1700000000000017, 1.5189110572088895, 0.0, 0.0, 0.0, 0.0018244445752287968
'2015-08-03', 20.969999, 21.48, 19.42, 20.129999, 131400.0, 20.129999, 0.06999900000000281, 3.9699990000000014, 1.5231088531247472, 0.0, 0.0, -0.1, -0.0009537381899202255
'2015-07-31', 20.9, 21.73, 20.01, 20.25, 70900.0, 20.25, 0.13999999999999702, 5.119999999999999, 1.4409220284211004, 0.0, 0.0, -0.5, -0.0007302921178544401
'2015-07-30', 20.76, 20.77, 19.77, 20.540001, 37400.0, 20.540001, -0.3999999999999986, 3.3000010000000017, 1.3718129587521457, 0.0, 0.1, -0.8, -0.00036126926782273865
'2015-07-29', 21.16, 21.6, 18.629999, 20.969999, 168000.0, 20.969999, 4.16, 3.5200010000000006, 1.318235469481957, -1.0, 0.5, -1.0, 0.0
'2015-07-28', 17.0, 21.74, 17.0, 20.91, 471100.0, 20.91, 1.2200000000000006, -0.1700000000000017, 1.2054803737838675, 0.0, 0.8, -0.8, 0.2447058823529412
'2015-07-27', 15.78, 16.709999, 15.2, 16.58, 47200.0, 16.58, -1.6799990000000005, -1.950000000000001, 1.2552546567044047, 1.0, 1.0, -0.5, 0.17046894803548798
'2015-07-24', 17.459999, 17.83, 15.67, 15.78, 53500.0, 15.78, -0.17999999999999972, -0.8900010000000016, 1.229586719344856, 0.0, 0.8, -0.1, 0.07063767109417743
'2015-07-23', 17.639999, 18.055, 17.4, 17.51, 50900.0, 17.51, 0.46999899999999784, -0.3400010000000009, 1.2347701416729444, 0.0, 0.5, -0.1, 0.049886638315569075
'2015-07-22', 17.17, 18.09, 17.15, 17.65, 17200.0, 17.65, -0.5599999999999987, -0.03999899999999812, 1.2396657998564218, 0.0, 0.1, -0.5, 0.046476412347117045
'2015-07-21', 17.73, 17.98, 16.85, 17.440001, 25900.0, 17.440001, -0.620000000000001, -0.1999999999999993, 1.3078874222876014, 0.0, 0.0, -0.8, 0.032242902801278436
'2015-07-20', 18.35, 18.35, 17.555, 17.790001, 46300.0, 17.790001, 0.370000000000001, 1.354999000000003, 1.4549973439610335, -1.0, 0.0, -1.0, 0.0
'2015-07-17', 17.98, 18.200001, 17.77, 18.18, 68000.0, 18.18, 0.7700010000000006, 1.3400010000000009, 1.7500293706869594, 0.0, 0.0, -0.8, 0.020578420467185818
'2015-07-16', 17.209999, 18.165001, 16.82, 17.959999, 56200.0, 17.959999, -0.7200009999999999, 0.5499989999999997, 1.9734762603420548, 0.0, 0.0, -0.5, 0.03312030988496866
'2015-07-15', 17.93, 18.1, 16.889999, 17.129999, 48100.0, 17.129999, 0.9349990000000012, 1.7699999999999996, 2.1409126018152653, 0.0, 0.0, -0.1, 0.007808142777467963
'2015-07-14', 16.995001, 18.129999, 16.672001, 18.01, 86200.0, 18.01, 0.35500199999999893, -0.35499900000000295, 2.268352432231687, 0.0, 0.1, 0.0, 0.01993231715608612
'2015-07-13', 16.639999, 17.049999, 16.15, 16.74, 87100.0, 16.74, -0.0200010000000006, -0.6500020000000006, 2.414616146968346, 0.0, 0.5, 0.0, 0.02055289786976552
'2015-07-10', 16.66, 16.716, 15.8, 16.35, 86300.0, 16.35, 0.5, -0.38999899999999954, 2.548509349927306, 0.0, 0.8, 0.0, 0.016906762705082044
'2015-07-09', 16.16, 16.790001, 16.01, 16.42, 45400.0, 16.42, -1.1900000000000013, -1.9299999999999997, 2.6766488182178287, 1.0, 1.0, 0.0, 0.01935997171145687
'2015-07-08', 17.35, 17.35, 15.86, 16.0, 60400.0, 16.0, 0.059999000000001246, -1.0799999999999983, 2.79502589886236, 0.0, 0.8, 0.0, 0.007204610951008645
'2015-07-07', 17.290001, 17.73, 16.742001, 17.5, 27100.0, 17.5, 0.2400020000000005, -1.0399989999999981, 2.8933388607128863, 0.0, 0.5, 0.0, 0.0068118947284425725
'2015-07-06', 17.049999, 18.01, 16.865999, 17.290001, 64800.0, 17.290001, -1.0400010000000002, -1.2900010000000002, 2.992754191205481, 0.0, 0.1, 0.0, 0.007624639743380641
'2015-07-02', 18.09, 18.1, 16.059999, 17.120001, 55400.0, 17.120001, -0.33999999999999986, -1.4400009999999988, 3.111958555858022, 0.0, 0.0, 0.0, 0.0013065983215237024
'2015-07-01', 18.43, 18.85, 17.059999, 18.16, 82900.0, 18.16, 0.10000000000000142, -1.5899999999999999, 3.1753904281486305, 0.0, 0.0, 0.0, -0.00036172906493035946
'2015-06-30', 18.33, 18.549999, 17.9, 18.030001, 37400.0, 18.030001, -0.010000000000001563, -1.6700000000000017, 3.2138049133905904, 0.0, 0.0, 0.0, 8.393134416048987e-05
'2015-06-29', 18.34, 18.5, 17.549999, 18.0, 55800.0, 18.0, -1.1900009999999988, -1.7999989999999997, 3.2353117322927747, 0.0, 0.0, 0.0, 3.894687646051396e-05
'2015-06-26', 19.530001, 20.15, 18.188, 18.65, 576000.0, 18.65, -0.48999900000000096, -0.5699990000000028, 3.2351503296927757, 0.0, 0.0, 0.0, -0.004027994332070599
'2015-06-25', 20.02, 20.02, 18.535, 19.450001, 86100.0, 19.450001, 0.019999999999999574, 2.0, 3.138279405385504, 0.0, 0.0, 0.0, -0.005213536463536458
'2015-06-24', 20.0, 21.155001, 18.559999, 19.83, 81400.0, 19.83, -0.13999899999999954, 3.2000010000000003, 3.006338087729566, 0.0, 0.0, 0.0, -0.004852941176470584
'2015-06-23', 20.139999, 20.139999, 18.790001, 19.75, 58900.0, 19.75, 0.03999899999999812, 3.969998999999998, 2.841983226152727, 0.0, 0.0, 0.0, -0.0049376560986367874
'2015-06-22', 20.1, 21.48, 19.603001, 20.299999, 280400.0, 20.299999, 2.080000000000002, 3.8500000000000014, 2.599330225470504, 0.0, 0.0, 0.0, -0.004582351400890285
'2015-06-19', 18.02, 20.48, 17.200001, 19.9, 265500.0, 19.9, 1.220001, 2.34, 2.3077578685815587, 0.0, 0.0, 0.0, 0.0009156492785793614
'2015-06-18', 16.799999, 18.41, 16.709, 18.139999, 71900.0, 18.139999, 0.629998999999998, 0.4399979999999992, 2.1425011679188026, 0.0, 0.0, 0.0, 0.004393427132261824
'2015-06-17', 16.17, 16.92, 16.07, 16.59, 51200.0, 16.59, -0.0799999999999983, -0.879998999999998, 2.033786850680294, 0.0, 0.0, 0.0, 0.006128071063135997
'2015-06-16', 16.25, 16.540001, 15.75, 16.02, 59400.0, 16.02, 0.5700000000000003, -0.8500000000000014, 1.9412495570866093, 0.0, 0.0, 0.0, 0.00561872909698997
'2015-06-15', 15.68, 16.610001, 15.35, 16.48, 75700.0, 16.48, -0.6800010000000007, 0.34999999999999964, 1.834442106714997, 0.0, 0.0, -0.1, 0.007095025510204086
'2015-06-12', 16.360001, 16.360001, 14.3, 15.96, 198100.0, 15.96, -0.6899979999999992, 2.2800010000000004, 1.7411718782347776, 0.0, 0.0, -0.5, 0.0048655229299802635
'2015-06-11', 17.049999, 17.48, 16.27, 16.41, 66300.0, 16.41, -0.05000100000000174, 5.049999, 1.5753284351736623, 0.0, 0.0, -0.8, 0.002932553747454092
'2015-06-10', 17.1, 17.621, 16.5, 17.24, 82000.0, 17.24, 1.7700000000000014, 4.950000000000001, 1.3020278628184405, -1.0, 0.1, -1.0, 0.0
'2015-06-09', 15.33, 17.48, 14.626, 16.93, 136900.0, 16.93, 1.25, 2.8499999999999996, 0.9348017615159556, 0.0, 0.5, -0.8, 0.11545988258317035
'2015-06-08', 14.08, 15.67, 13.89, 15.36, 88400.0, 15.36, 2.08, 1.4600000000000009, 0.7727277197621999, 0.0, 0.8, -0.5, 0.10724431818181823
'2015-06-05', 12.0, 14.36, 11.92, 14.02, 642800.0, 14.02, -0.15000000000000036, -0.15000000000000036, 0.7312796972127392, 1.0, 1.0, -0.1, 0.14166666666666672
'2015-06-04', 12.15, 12.74, 11.41, 12.19, 103400.0, 12.19, -0.33000000000000007, 0.08000000000000007, 0.7569316870688456, 0.0, 0.8, -0.5, 0.10185185185185187
'2015-06-03', 12.48, 12.48, 12.04, 12.33, 102300.0, 12.33, -0.1399999999999988, 0.5899999999999999, 0.7878698574144223, 0.0, 0.5, -0.8, 0.07403846153846155
'2015-06-02', 12.62, 12.86, 12.227, 12.48, 38500.0, 12.48, 0.46999999999999886, 0.7999999999999989, 0.8070667747397912, -1.0, 0.1, -1.0, 0.0
'2015-06-01', 12.15, 12.89, 11.68, 12.74, 87900.0, 12.74, 0.08000000000000007, 0.3800000000000008, 0.8188000407099811, 0.0, 0.0, -0.8, 0.03868312757201637
'2015-05-29', 12.07, 12.48, 11.66, 12.34, 30800.0, 12.34, 0.17999999999999972, 0.620000000000001, 0.83524734593346, 0.0, 0.0, -0.5, 0.022783761391880653
'2015-05-28', 11.89, 12.35, 11.25, 12.23, 44000.0, 12.23, 0.07000000000000028, 1.0899999999999999, 0.8495221637289204, 0.0, 0.0, -0.1, 0.02046537706756374
'2015-05-27', 11.82, 11.97, 11.11, 11.89, 18900.0, 11.89, 0.05000000000000071, 0.7200000000000006, 0.86311617346038, 0.0, 0.1, 0.0, 0.016920473773265627
'2015-05-26', 11.77, 11.82, 11.36, 11.67, 32200.0, 11.67, 0.3200000000000003, 0.7699999999999996, 0.8636480353065645, 0.0, 0.5, 0.0, 0.014443500424808832
'2015-05-22', 11.45, 12.3, 11.27, 12.15, 34100.0, 12.15, 0.6499999999999986, 0.41999999999999993, 0.869883054719937, 0.0, 0.8, 0.0, 0.017030567685589523
'2015-05-21', 10.8, 11.39, 10.73, 11.39, 27500.0, 11.39, -0.29999999999999893, -0.3099999999999987, 0.8613129486751928, 1.0, 1.0, 0.0, 0.024074074074074053
'2015-05-20', 11.1, 11.1, 10.72, 10.89, 41900.0, 10.89, 0.09999999999999964, -0.7200000000000006, 0.8250946989420197, 0.0, 0.8, 0.0, 0.017117117117117112
'2015-05-19', 11.0, 11.15, 10.85, 10.99, 34800.0, 10.99, -0.02999999999999936, -0.09999999999999964, 0.8049915913984581, 0.0, 0.5, 0.0, 0.016363636363636355
'2015-05-18', 11.03, 11.23, 10.86, 11.14, 35000.0, 11.14, -0.08000000000000007, 0.02999999999999936, 0.7761880757193381, 0.0, 0.1, 0.0, 0.01441523118766999
'2015-05-15', 11.11, 11.468, 10.71, 11.0, 40500.0, 11.0, -0.7100000000000009, -0.7599999999999998, 0.7525279441101617, 0.0, 0.0, 0.0, 0.012355781032648719
'2015-05-14', 11.82, 11.82, 11.02, 11.06, 38200.0, 11.06, 0.7200000000000006, 0.1899999999999995, 0.7239565333790574, 0.0, 0.0, 0.0, 0.0056401579244218765
'2015-05-13', 11.1, 11.23, 10.8, 11.11, 51700.0, 11.11, 0.09999999999999964, -0.46000000000000085, 0.7188982280004744, 0.0, 0.0, 0.0, 0.010533610533610531
'2015-05-12', 11.0, 11.28, 10.81, 11.12, 41000.0, 11.12, -0.8699999999999992, -0.5899999999999999, 0.7196628809534518, 0.0, 0.0, 0.0, 0.010519480519480514
'2015-05-11', 11.87, 12.47, 10.96, 11.04, 28200.0, 11.04, 0.23999999999999844, 0.03999999999999915, 0.6730641177976037, 0.0, 0.0, 0.0, 0.004212299915754002
'2015-05-08', 11.63, 12.05, 11.45, 11.89, 35500.0, 11.89, 0.07000000000000028, 0.2400000000000002, 0.6767127209286571, 0.0, 0.0, 0.0, 0.0053202923473774635
'2015-05-07', 11.56, 11.61, 11.3, 11.6, 10900.0, 11.6, -0.02999999999999936, -0.10999999999999943, 0.6590940718558735, 0.0, 0.0, 0.0, 0.005393853042947276
'2015-05-06', 11.59, 12.47, 11.32, 11.44, 24900.0, 11.44, -0.2400000000000002, -0.8499999999999996, 0.6836905050288958, 0.0, 0.0, 0.0, 0.004937206403988109
'2015-05-05', 11.83, 11.83, 11.38, 11.51, 18800.0, 11.51, 0.4399999999999995, -0.9100000000000001, 0.6862662230424057, 0.0, 0.0, 0.0, 0.003514703919562215
'2015-05-04', 11.39, 12.15, 11.21, 11.89, 58000.0, 11.89, -0.27999999999999936, -1.709999999999999, 0.69433843493085, 0.0, 0.0, 0.0, 0.005399473222124664
'2015-05-01', 11.67, 11.67, 11.03, 11.35, 21400.0, 11.35, -0.7699999999999996, -2.0679999999999996, 0.6751646515233648, 0.0, 0.0, 0.0, 0.0038764434651324085
'2015-04-30', 12.44, 12.975, 11.27, 11.36, 29500.0, 11.36, -0.3000000000000007, -1.1600000000000001, 0.6739143334941682, 0.0, 0.0, -0.1, 0.0006577024261911711
'2015-04-29', 12.74, 12.95, 12.07, 12.12, 110400.0, 12.12, -0.35999999999999943, -0.23499999999999943, 0.6966085430298873, 0.0, 0.0, -0.5, -0.00040952835983892226
'2015-04-28', 13.1, 13.1, 12.465, 12.89, 22700.0, 12.89, -0.6379999999999999, -0.05000000000000071, 0.7199765551738474, 0.0, 0.0, -0.8, -0.00152671755725191
'2015-04-27', 13.738, 13.8, 12.42, 12.97, 111700.0, 12.97, 0.1379999999999999, 0.6879999999999988, 0.734051524077159, -1.0, 0.0, -1.0, 0.0
'2015-04-24', 13.6, 13.75, 13.21, 13.6, 66300.0, 13.6, 0.625, 0.6310000000000002, 0.736177937427872, 0.0, 0.0, -0.8, 0.010147058823529405
'2015-04-23', 12.975, 13.4, 12.975, 13.39, 74700.0, 13.39, -0.1750000000000007, 0.0649999999999995, 0.731911394151566, 0.0, 0.0, -0.5, 0.029402697495183042
'2015-04-22', 13.15, 13.46, 12.95, 13.21, 40100.0, 13.21, 0.09999999999999964, 0.28000000000000114, 0.7406148234181292, 0.0, 0.0, -0.1, 0.014904942965779447
'2015-04-21', 13.05, 13.63, 12.84, 13.215, 173300.0, 13.215, 0.0810000000000013, 0.15000000000000036, 0.7668404766746907, 0.0, 0.0, 0.0, 0.013180076628352468
'2015-04-20', 12.969, 13.05, 12.655, 13.02, 40300.0, 13.02, 0.058999999999999275, 0.5889999999999986, 0.7817667206753915, 0.0, 0.0, 0.0, 0.011859048500269876
'2015-04-17', 12.91, 13.2, 12.54, 12.95, 42500.0, 12.95, 0.040000000000000924, 0.15000000000000036, 0.8127480435056257, 0.0, 0.0, 0.0, 0.010689388071262578
'2015-04-16', 12.87, 13.13, 12.87, 13.03, 59400.0, 13.03, -0.030000000000001137, 0.5999999999999996, 0.8399977275101537, 0.0, 0.0, 0.0, 0.00963480963480964
'2015-04-15', 12.9, 13.01, 12.63, 13.01, 11400.0, 13.01, 0.5199999999999996, 0.9100000000000001, 0.8482075112979265, 0.0, 0.0, 0.0, 0.008120155038759682
'2015-04-14', 12.38, 13.16, 12.38, 12.76, 62600.0, 12.76, -0.379999999999999, 0.6500000000000004, 0.8485698845050353, 0.0, 0.0, 0.0, 0.012188117034643679
'2015-04-13', 12.76, 13.02, 12.5, 12.62, 15600.0, 12.62, 0.4900000000000002, 0.8900000000000006, 0.8361251793574667, 0.0, 0.0, 0.0, 0.0076645768025078356
'2015-04-10', 12.27, 12.82, 12.1, 12.7, 19000.0, 12.7, 0.27999999999999936, 0.6500000000000004, 0.8357148669784984, 0.0, 0.0, 0.0, 0.010876491072090095
'2015-04-09', 11.99, 12.6, 11.99, 12.2, 9900.0, 12.2, 0.2599999999999998, 0.0, 0.8157469685304793, 0.0, 0.1, 0.0, 0.012149013066444255
'2015-04-08', 11.73, 12.4, 11.73, 12.13, 18800.0, 12.13, -0.1399999999999988, -0.629999999999999, 0.7806811875962344, 0.0, 0.5, 0.0, 0.013168076595186562
'2015-04-07', 11.87, 12.27, 11.78, 11.91, 38400.0, 11.91, 0.25, -1.7300000000000004, 0.7247979557550276, 0.0, 0.8, 0.0, 0.011240823203754968
'2015-04-06', 11.62, 12.16, 11.62, 11.78, 30500.0, 11.78, -0.370000000000001, -1.0100000000000016, 0.6728255089958731, 1.0, 1.0, 0.0, 0.012151462994836493
'2015-04-02', 11.99, 12.17, 11.74, 11.78, 21900.0, 11.78, -0.3699999999999992, -1.1760000000000002, 0.5881707886886823, 0.0, 0.8, 0.0, 0.009111759799833192
'2015-04-01', 12.36, 13.59, 11.88, 12.05, 64600.0, 12.05, -1.2400000000000002, -0.370000000000001, 0.5474892479918364, 0.0, 0.5, 0.0, 0.006558157243479917
'2015-03-31', 13.6, 13.6, 12.06, 12.45, 30600.0, 12.45, 0.9699999999999989, -0.370000000000001, 0.5535693111275426, 0.0, 0.1, 0.0, 0.000563725490196078
'2015-03-30', 12.63, 12.67, 11.88, 12.55, 59300.0, 12.55, -0.5359999999999996, -1.0999999999999996, 0.6212078950632298, 0.0, 0.0, 0.0, 0.004617243822144429
'2015-03-27', 13.166, 13.21, 12.01, 12.365, 63700.0, 12.365, 0.43599999999999994, -0.5839999999999996, 0.6529156862362346, 0.0, 0.0, 0.0, 0.002172261886677803
'2015-03-26', 12.73, 13.82, 12.56, 13.41, 66600.0, 13.41, -1.2400000000000002, -1.1099999999999994, 0.6958504317260522, 0.0, 0.0, 0.0, 0.0037706205813040033
'2015-03-25', 13.97, 14.534, 12.75, 13.01, 59500.0, 13.01, 0.2400000000000002, -0.049999999999998934, 0.7318462923015704, 0.0, 0.0, 0.0, -0.0007548643196459981
'2015-03-24', 13.73, 14.19, 13.3, 13.85, 64200.0, 13.85, -0.019999999999999574, -0.2699999999999996, 0.7500021748116616, 0.0, 0.0, -0.1, 2.533329111117869e-05
'2015-03-23', 13.75, 13.75, 13.3, 13.38, 17300.0, 13.38, -0.08999999999999986, -0.2400000000000002, 0.77005309773634, 0.0, 0.0, -0.5, -3.636363636363774e-05
'2015-03-20', 13.84, 13.93, 13.66, 13.8, 49400.0, 13.8, -0.17999999999999972, 0.05000000000000071, 0.7827176985066554, 0.0, 0.0, -0.8, -0.00029479768786127257
'2015-03-19', 14.02, 14.15, 13.72, 13.74, 53300.0, 13.74, 0.019999999999999574, 0.21999999999999886, 0.7916566567788224, -1.0, 0.0, -1.0, 0.0
'2015-03-18', 14.0, 14.11, 13.63, 13.99, 35300.0, 13.99, 0.009999999999999787, 0.5899999999999999, 0.7794570731534154, 0.0, 0.0, -0.8, 0.0014285714285713982
'2015-03-17', 13.99, 14.15, 13.688, 13.93, 53900.0, 13.93, 0.20000000000000107, 0.34999999999999964, 0.7622562276994964, 0.0, 0.1, -0.5, 0.0010721944245889693
'2015-03-16', 13.79, 14.03, 13.61, 13.75, 166800.0, 13.75, -0.010000000000001563, -0.3500000000000014, 0.7440472961370728, 0.0, 0.5, -0.1, 0.005559584239787296
'2015-03-13', 13.8, 13.8, 13.42, 13.67, 52400.0, 13.67, 0.39000000000000057, -0.10999999999999943, 0.7654367678362176, 0.0, 0.8, 0.0, 0.003985507246376791
'2015-03-12', 13.41, 13.688, 13.23, 13.6, 6200.0, 13.6, -0.23000000000000043, -0.9299999999999997, 0.8212825613365692, 1.0, 1.0, 0.0, 0.009097688292319156
'2015-03-11', 13.64, 13.79, 13.01, 13.27, 153900.0, 13.27, -0.5, -0.7099999999999991, 0.8729683340317805, 0.0, 0.8, 0.0, 0.00464320625610947
'2015-03-10', 14.14, 14.14, 13.35, 13.7, 63300.0, 13.7, 0.23000000000000043, 0.21199999999999974, 0.935876618767429, 0.0, 0.5, -0.1, -0.0012123661345726509
'2015-03-09', 13.91, 14.07, 13.57, 13.8, 128200.0, 13.8, -0.4299999999999997, 0.3200000000000003, 0.9687658706943708, 0.0, 0.1, -0.5, 0.0009884974838245816
'2015-03-06', 14.34, 14.38, 13.79, 13.79, 31100.0, 13.79, -0.009999999999999787, 1.4499999999999993, 1.0309473857681692, 0.0, 0.0, -0.8, -0.0024794669146133604
'2015-03-05', 14.35, 14.65, 14.146, 14.35, 29600.0, 14.35, 0.4219999999999988, 1.568999999999999, 1.049156857777817, -1.0, 0.0, -1.0, 0.0
'2015-03-04', 13.928, 14.47, 13.31, 14.39, 30400.0, 14.39, 0.33800000000000097, 0.798, 1.0453743938576903, 0.0, 0.1, -0.8, 0.030298678920160742
'2015-03-03', 13.59, 13.89, 13.27, 13.49, 29100.0, 13.49, 0.6999999999999993, 0.5199999999999996, 1.0090445893682467, 0.0, 0.5, -0.5, 0.027961736571008085
'2015-03-02', 12.89, 13.63, 12.66, 13.6, 25200.0, 13.6, 0.10899999999999999, -0.15399999999999991, 1.0020142408613206, 0.0, 0.8, -0.1, 0.037755365916731294
'2015-02-27', 12.781, 13.05, 12.781, 12.84, 8500.0, 12.84, -0.3490000000000002, -1.029, 0.9954116451666284, 1.0, 1.0, 0.0, 0.030690086847664482
'2015-02-26', 13.13, 13.412, 12.72, 12.91, 19400.0, 12.91, 0.0600000000000005, 0.09000000000000163, 0.9840565476073462, 0.0, 0.8, -0.1, 0.018583396801218566
'2015-02-25', 13.07, 13.16, 12.78, 12.92, 63800.0, 12.92, 0.0259999999999998, 0.5099999999999998, 0.9582777723024202, 0.0, 0.5, -0.5, 0.016322366743177753
'2015-02-24', 13.044, 13.17, 12.95, 12.99, 35700.0, 12.99, -0.766, 0.7690000000000001, 0.930280578941405, 0.0, 0.1, -0.8, 0.014303237394313741
'2015-02-23', 13.81, 13.81, 12.81, 13.29, 24100.0, 13.29, 0.7700000000000014, 1.8900000000000006, 0.9040727533408656, -1.0, 0.0, -1.0, 0.0
'2015-02-20', 13.04, 13.91, 13.04, 13.66, 31200.0, 13.66, 0.47999999999999865, 0.9699999999999989, 0.8474463004947409, 0.0, 0.1, -0.8, 0.05904907975460134
'2015-02-19', 12.56, 13.1, 12.375, 12.98, 29400.0, 12.98, 0.28500000000000014, 0.495000000000001, 0.813492272038688, 0.0, 0.5, -0.5, 0.04976114649681528
'2015-02-18', 12.275, 12.72, 12.25, 12.52, 17900.0, 12.52, 0.3550000000000004, 0.3000000000000007, 0.7933768818579646, 0.0, 0.8, -0.1, 0.041683638832315004
'2015-02-17', 11.92, 12.33, 11.91, 12.29, 4500.0, 12.29, -0.15000000000000036, -0.3100000000000005, 0.78302555939552, 1.0, 1.0, 0.0, 0.03963926174496645
'2015-02-13', 12.07, 12.55, 11.71, 11.91, 5800.0, 11.91, 0.005000000000000782, -0.15000000000000036, 0.7806654312543599, 0.0, 0.8, 0.0, 0.028831814415907212
'2015-02-12', 12.065, 12.27, 11.71, 12.15, 25800.0, 12.15, 0.08999999999999986, -0.2350000000000012, 0.7844291512516178, 0.0, 0.5, 0.0, 0.024105539439149067
'2015-02-11', 11.975, 12.112, 11.87, 11.94, 31300.0, 11.94, -0.2550000000000008, -0.27500000000000036, 0.8490101484801124, 0.0, 0.1, 0.0, 0.021890844020280357
'2015-02-10', 12.23, 12.23, 11.9, 11.9, 2800.0, 11.9, 0.009999999999999787, -0.4299999999999997, 0.9156515494444382, 0.0, 0.0, 0.0, 0.016148814390842193
'2015-02-09', 12.22, 12.22, 12.02, 12.07, 3600.0, 12.07, -0.08000000000000007, -0.6749999999999989, 0.9817219135557461, 0.0, 0.0, 0.0, 0.014457174031642116
'2015-02-06', 12.3, 12.43, 12.08, 12.1, 11900.0, 12.1, 0.05000000000000071, -0.5, 1.0240508038612584, 0.0, 0.0, -0.1, 0.01227642276422764
'2015-02-05', 12.25, 12.32, 12.18, 12.25, 4000.0, 12.25, -0.41000000000000014, 0.5199999999999996, 1.1382683846771622, 0.0, 0.0, -0.5, 0.011576994434137296
'2015-02-04', 12.66, 12.66, 11.97, 11.97, 7100.0, 11.97, -0.23499999999999943, 1.5999999999999996, 1.1974604442550727, 0.0, 0.0, -0.8, 0.0075697735650342305
'2015-02-03', 12.895, 13.09, 12.495, 12.8, 32200.0, 12.8, 0.09499999999999886, 1.7850000000000001, 1.2372276463484353, -1.0, 0.0, -1.0, 0.0
'2015-02-02', 12.8, 13.0, 11.99, 12.67, 27500.0, 12.67, 1.0700000000000003, 2.110000000000001, 1.2445066086159966, 0.0, 0.0, -0.8, 0.007421874999999911
'2015-01-30', 11.73, 12.83, 11.73, 12.79, 31300.0, 12.79, 0.6699999999999999, 1.1300000000000008, 1.2331166787183334, 0.0, 0.0, -0.5, 0.04965899403239553
'2015-01-29', 11.06, 11.9, 11.06, 11.79, 15900.0, 11.79, -0.049999999999998934, 0.9299999999999997, 1.2337863442806187, 0.0, 0.0, -0.1, 0.055304400241109074
'2015-01-28', 11.11, 11.37, 11.0, 11.12, 16600.0, 11.12, 0.41999999999999993, 0.9599999999999991, 1.2286847299269068, 0.0, 0.1, 0.0, 0.04016651665166517
'2015-01-27', 10.69, 11.09, 10.56, 11.0, 7000.0, 11.0, 0.08999999999999986, 0.5, 1.2215072242475236, 0.0, 0.5, 0.0, 0.04125350795135641
'2015-01-26', 10.6, 11.98, 10.5, 10.95, 58900.0, 10.95, 0.46999999999999886, -0.5199999999999996, 1.2049633046510404, 0.0, 0.8, 0.0, 0.03608490566037736
'2015-01-23', 10.13, 10.67, 10.1, 10.49, 26400.0, 10.49, -0.019999999999999574, -0.47999999999999865, 1.18658122772948, 1.0, 1.0, 0.0, 0.03899308983218162
'2015-01-22', 10.15, 10.28, 9.91, 10.12, 21000.0, 10.12, -0.03999999999999915, -1.1059999999999999, 1.1533058710603283, 0.0, 0.8, 0.0, 0.03380541871921181
'2015-01-21', 10.19, 10.588, 9.9, 10.05, 23700.0, 10.05, -0.9299999999999997, -1.4100000000000001, 1.1247073441566924, 0.0, 0.5, 0.0, 0.029495147748337152
'2015-01-20', 11.12, 11.16, 10.01, 10.5, 21500.0, 10.5, 0.5099999999999998, -0.40000000000000036, 1.1171591695009266, 0.0, 0.1, 0.0, 0.015962230215827343
'2015-01-16', 10.61, 11.17, 10.61, 11.0, 9300.0, 11.0, -0.6460000000000008, -1.1900000000000013, 1.1518763383666188, 0.0, 0.0, 0.0, 0.019578442292862652
'2015-01-15', 11.256, 11.51, 10.71, 10.72, 15100.0, 10.72, -0.3439999999999994, -0.9290000000000003, 1.1732229820266717, 0.0, 0.0, 0.0, 0.012134269130537782
'2015-01-14', 11.6, 11.61, 11.315, 11.37, 9500.0, 11.37, 0.08000000000000007, 1.0999999999999996, 1.2115255419878235, 0.0, 0.0, -0.1, 0.008587533156498675
'2015-01-13', 11.52, 12.2, 11.44, 11.8, 59800.0, 11.8, -0.28000000000000114, 0.4800000000000004, 1.2410020704611613, 0.0, 0.1, -0.5, 0.008525545634920634
'2015-01-12', 11.8, 11.8, 10.75, 11.35, 28200.0, 11.35, -0.3849999999999998, 0.3800000000000008, 1.2672069571392917, 0.0, 0.5, -0.8, 0.006186440677966095
'2015-01-09', 12.185, 12.185, 11.645, 11.8, 73800.0, 11.8, 1.6850000000000005, 0.9150000000000009, 1.3058086149543084, -1.0, 0.8, -1.0, 0.003641772671317188
'2015-01-08', 10.5, 12.62, 10.5, 12.4, 21400.0, 12.4, -0.5399999999999991, -1.25, 1.319455274809352, 1.0, 1.0, -0.8, 0.01341736694677871
'2015-01-07', 11.04, 11.04, 10.04, 10.5, 35700.0, 10.5, -0.3800000000000008, -1.1700000000000017, 1.3155034524216704, 0.0, 0.8, -0.5, 0.009334742351046702
'2015-01-06', 11.42, 11.84, 10.43, 10.65, 25000.0, 10.65, 0.15000000000000036, -1.9700000000000006, 1.316354773185743, 0.0, 0.5, -0.1, 0.006797861554060281
'2015-01-05', 11.27, 11.792, 11.27, 11.515, 13300.0, 11.515, -0.4800000000000004, -2.2300000000000004, 1.323153682180066, 0.0, 0.1, 0.0, 0.0072094055013309675
'2015-01-02', 11.75, 12.46, 11.32, 11.87, 22400.0, 11.87, -0.46000000000000085, -1.9100000000000001, 1.3217960844581473, 0.0, 0.0, 0.0, 0.004640324214792298
'2014-12-31', 12.21, 12.21, 11.575, 11.75, 15800.0, 11.75, -1.1799999999999997, -1.1499999999999986, 1.3219036777819078, 0.0, 0.0, 0.0, 0.002550070731888909
'2014-12-30', 13.39, 13.5, 12.01, 12.06, 21700.0, 12.06, -0.10999999999999943, -1.1199999999999992, 1.3183037923365348, 0.0, 0.0, 0.0, -0.00160729941228042
'2014-12-29', 13.5, 13.5, 13.0, 13.17, 14100.0, 13.17, -0.16000000000000014, -0.3800000000000008, 1.2785968437662003, 0.0, 0.0, 0.0, -0.0018672839506172854
'2014-12-26', 13.66, 14.925, 13.12, 13.33, 19100.0, 13.33, 0.3000000000000007, -0.07000000000000028, 1.2325569177752222, 0.0, 0.0, 0.0, -0.0022401171303074686
'2014-12-24', 13.36, 13.855, 13.2, 13.5, 16700.0, 13.5, -1.1500000000000004, 0.22999999999999865, 1.1648824928816737, 0.0, 0.0, 0.0, -0.0013386688162137258
'2014-12-23', 14.51, 14.639, 13.0, 13.44, 27900.0, 13.44, 0.629999999999999, 2.9299999999999997, 1.1153564452676106, 0.0, 0.0, 0.0, -0.004122316665390409
'2014-12-22', 13.88, 14.39, 13.23, 14.37, 21500.0, 14.37, 0.15000000000000036, 2.3000000000000007, 0.9599982060168424, 0.0, 0.0, 0.0, -0.0025344792095512584
'2014-12-19', 13.73, 14.36, 13.1, 13.67, 131400.0, 13.67, 0.5999999999999996, 2.360000000000001, 0.8441159083127546, 0.0, 0.0, 0.0, -0.0020970942059924174
'2014-12-18', 13.13, 14.05, 12.9, 13.79, 51000.0, 13.79, 1.5500000000000007, 1.200000000000001, 0.711551981391537, 0.0, 0.0, 0.0, -0.0005965981213505996
'2014-12-17', 11.58, 13.06, 11.58, 13.0, 27400.0, 13.0, 0.0, 0.14000000000000057, 0.6146420819378453, 0.0, 0.0, -0.1, 0.003663156721822941
'2014-12-16', 11.58, 12.205, 11.411, 12.18, 19700.0, 12.18, 0.21000000000000085, 0.27999999999999936, 0.61123227081764, 0.0, 0.0, -0.5, 0.0035486830742659744
'2014-12-15', 11.37, 11.79, 11.07, 11.64, 34200.0, 11.64, -0.5600000000000005, 0.379999999999999, 0.604326622503648, 0.0, 0.0, -0.8, 0.0040643906079262295
'2014-12-12', 11.93, 12.8, 11.01, 11.13, 134700.0, 11.13, 0.4900000000000002, 1.1099999999999994, 0.6016042442226174, -1.0, 0.0, -1.0, 0.0
'2014-12-11', 11.44, 12.27, 11.44, 12.05, 55900.0, 12.05, 0.1399999999999988, 1.0999999999999996, 0.6017044087885309, 0.0, 0.0, -0.8, 0.04283216783216785
'2014-12-10', 11.3, 11.95, 11.3, 11.31, 24400.0, 11.31, 0.3100000000000005, 1.1000000000000014, 0.6014782862987564, 0.0, 0.0, -0.5, 0.02787610619469022
'2014-12-09', 10.99, 11.55, 10.99, 11.03, 30800.0, 11.03, 0.16999999999999993, 0.8599999999999994, 0.6007876459744786, 0.0, 0.0, -0.1, 0.028510767364270533
'2014-12-08', 10.82, 11.286, 10.72, 10.89, 22200.0, 10.89, 0.4800000000000004, 0.7000000000000011, 0.6009878867331687, 0.0, 0.0, 0.0, 0.025646950092421426
'2014-12-05', 10.34, 10.89, 10.16, 10.8, 59700.0, 10.8, 0.14000000000000057, -0.019999999999999574, 0.6005356275859076, 0.0, 0.0, 0.0, 0.03075435203094777
'2014-12-04', 10.2, 10.34, 10.2, 10.29, 25200.0, 10.29, 0.06999999999999851, -0.1800000000000015, 0.5884029193975464, 0.0, 0.0, 0.0, 0.02826797385620916
'2014-12-03', 10.13, 10.3, 10.0, 10.14, 28200.0, 10.14, 0.010000000000001563, 0.09000000000000163, 0.5692236584448448, 0.0, 0.0, 0.0, 0.025384289945000686
'2014-12-02', 10.12, 10.38, 10.0, 10.08, 23500.0, 10.08, -0.2400000000000002, -0.45000000000000107, 0.5388302721843143, 0.0, 0.1, 0.0, 0.02235671936758894
'2014-12-01', 10.36, 10.52, 10.01, 10.01, 40500.0, 10.01, -0.02000000000000135, -0.28000000000000114, 0.5042567423666462, 0.0, 0.5, 0.0, 0.016838266838266842
'2014-11-28', 10.38, 10.67, 10.3, 10.3, 6400.0, 10.3, 0.34000000000000163, -0.6099999999999994, 0.4968848022093919, 0.0, 0.8, 0.0, 0.01493256262042388
'2014-11-26', 10.04, 10.404, 10.04, 10.37, 5800.0, 10.37, -0.5300000000000011, -0.8600000000000012, 0.485423384502871, 1.0, 1.0, 0.0, 0.01711336472292648
'2014-11-25', 10.57, 10.57, 10.05, 10.2, 50800.0, 10.2, -0.07000000000000028, -0.8699999999999992, 0.42583705282132905, 0.0, 0.8, 0.0, 0.010722169662567008
'2014-11-24', 10.64, 10.86, 10.4, 10.53, 28300.0, 10.53, -0.34999999999999964, -0.9100000000000001, 0.4056857513998844, 0.0, 0.5, 0.0, 0.009326200115673795
'2014-11-21', 10.99, 10.99, 10.37, 10.42, 30700.0, 10.42, 0.08999999999999986, -0.5199999999999996, 0.38559520513385814, 0.0, 0.1, 0.0, 0.006109450149486543
'2014-11-20', 10.9, 11.19, 10.45, 10.7, 25800.0, 10.7, -0.5399999999999991, -0.4399999999999995, 0.4287106716656351, 0.0, 0.0, 0.0, 0.006299694189602443
'2014-11-19', 11.44, 12.45, 10.97, 11.15, 10700.0, 11.15, -0.11000000000000121, 0.5399999999999991, 0.5404116291206997, 0.0, 0.0, 0.0, 0.002677010489510491
'2014-11-18', 11.55, 12.3, 11.28, 11.5, 6200.0, 11.5, 0.040000000000000924, 0.21000000000000085, 0.5924924528351957, 0.0, 0.0, 0.0, 0.0019353195823784005
'2014-11-17', 11.51, 11.999, 11.33, 11.45, 5000.0, 11.45, 0.16999999999999993, -0.5800000000000001, 0.6348107294479371, 0.0, 0.0, 0.0, 0.0020272227048942944
'2014-11-14', 11.34, 11.55, 11.25, 11.45, 11800.0, 11.45, 0.4399999999999995, -0.6600000000000001, 0.6848702358841416, 0.0, 0.0, -0.1, 0.002738327299730808
'2014-11-13', 10.9, 11.74, 10.9, 11.51, 11000.0, 11.51, -0.4399999999999995, -1.1399999999999988, 0.700032853197302, 0.0, 0.0, -0.5, 0.004724770642201832
'2014-11-12', 11.34, 11.5, 10.9, 11.34, 23700.0, 11.34, -0.75, -0.35999999999999943, 0.6965452174841199, 0.0, 0.0, -0.8, 0.002477534223565969
'2014-11-11', 12.09, 12.09, 11.56, 11.74, 21000.0, 11.74, 0.08999999999999986, 1.42, 0.7376825845548718, -1.0, 0.0, -1.0, 0.0
'2014-11-10', 12.0, 12.0, 11.802, 11.93, 23500.0, 11.93, -0.03999999999999915, 1.3200000000000003, 0.8120728593475396, 0.0, 0.1, -0.8, 0.0074999999999999884
'2014-11-07', 12.04, 12.05, 11.85, 12.0, 25500.0, 12.0, 0.33999999999999986, 0.7999999999999989, 0.8125191662696674, 0.0, 0.5, -0.5, 0.00207641196013292
'2014-11-06', 11.7, 12.26, 11.45, 11.99, 23900.0, 11.99, 1.0299999999999994, 0.5399999999999991, 0.8117876131654688, 0.0, 0.8, -0.1, 0.011111111111111129
'2014-11-05', 10.67, 11.58, 10.66, 11.37, 21600.0, 11.37, -0.009999999999999787, -1.2620000000000005, 0.8131864047614721, 1.0, 1.0, 0.0, 0.03327085285848172
'2014-11-04', 10.68, 10.71, 10.41, 10.63, 22900.0, 10.63, -0.5600000000000005, -0.75, 0.7900748881523123, 0.0, 0.8, 0.0, 0.026404494382022477
'2014-11-03', 11.24, 11.24, 10.695, 10.95, 28300.0, 10.95, 0.08000000000000007, -0.009999999999999787, 0.8035642137101151, 0.0, 0.5, 0.0, 0.012603795966785286
'2014-10-31', 11.16, 11.69, 10.51, 10.79, 68400.0, 10.79, -0.7720000000000002, 0.040000000000000924, 0.8183647794365432, 0.0, 0.1, 0.0, 0.0119047619047619
'2014-10-30', 11.932, 12.0, 10.9, 10.9, 21400.0, 10.9, 0.5020000000000007, 0.7219999999999995, 0.8083620620324368, 0.0, 0.0, 0.0, 0.0016552128729466925
'2014-10-29', 11.43, 11.97, 11.27, 11.39, 11600.0, 11.39, 0.17999999999999972, 0.08000000000000007, 0.8091790936223916, 0.0, 0.0, 0.0, 0.00641586468358122
'2014-10-28', 11.25, 12.51, 11.24, 11.49, 21300.0, 11.49, 0.13000000000000078, -0.22000000000000064, 0.8124515199211716, 0.0, 0.0, 0.0, 0.007466666666666666
'2014-10-27', 11.12, 11.44, 11.12, 11.25, 43300.0, 11.25, -0.09000000000000163, -0.05000000000000071, 0.8039394152131945, 0.0, 0.0, 0.0, 0.007930019620667108
'2014-10-24', 11.21, 11.49, 11.04, 11.25, 27300.0, 11.25, -0.1399999999999988, -0.129999999999999, 0.8062717525058709, 0.0, 0.0, 0.0, 0.006541778174249175
'2014-10-23', 11.35, 11.47, 11.05, 11.26, 43800.0, 11.26, -0.120000000000001, -0.5899999999999999, 0.8543146213323415, 0.0, 0.0, 0.0, 0.005015249068112506
'2014-10-22', 11.47, 11.61, 11.25, 11.34, 23000.0, 11.34, 0.3000000000000007, -0.47999999999999865, 0.930933298123746, 0.0, 0.0, 0.0, 0.003861003861003856
'2014-10-21', 11.17, 11.44, 11.09, 11.3, 37700.0, 11.3, -0.16999999999999993, -0.07000000000000028, 1.0892498565526645, 0.0, 0.0, -0.1, 0.005490898239331542
'2014-10-20', 11.34, 11.59, 11.11, 11.17, 12100.0, 11.17, -0.5999999999999996, 0.3100000000000005, 1.2282162879558305, 0.0, 0.0, -0.5, 0.004133597883597883
'2014-10-17', 11.94, 12.13, 11.26, 11.3, 29900.0, 11.3, -0.009999999999999787, 0.7899999999999991, 1.348041264205217, 0.0, 0.1, -0.8, 0.00073898906296187
'2014-10-16', 11.95, 12.0, 11.52, 11.9, 17900.0, 11.9, 0.7099999999999991, -0.5500000000000007, 1.410927797585688, -1.0, 0.5, -1.0, 0.0
'2014-10-15', 11.24, 12.32, 11.24, 11.99, 25200.0, 11.99, 0.21000000000000085, -2.1099999999999994, 1.4390605442440565, 0.0, 0.8, -0.8, 0.06316725978647679
'2014-10-14', 11.03, 11.46, 10.66, 11.46, 21000.0, 11.46, -0.120000000000001, -1.83, 1.4596406426088429, 1.0, 1.0, -0.5, 0.04170444242973708
'2014-10-13', 11.15, 11.4, 10.85, 11.01, 10900.0, 11.01, -1.3499999999999996, -1.67, 1.4199716448655664, 0.0, 0.8, -0.1, 0.023916292974588905
'2014-10-10', 12.5, 12.5, 11.08, 11.08, 19300.0, 11.08, -0.8499999999999996, -0.5299999999999994, 1.3801411059099074, 0.0, 0.5, 0.0, -0.011000000000000015
'2014-10-09', 13.35, 13.51, 12.34, 12.47, 37800.0, 12.47, 0.4900000000000002, 0.8300000000000001, 1.3768650079074565, 0.0, 0.1, 0.0, -0.020973782771535585
'2014-10-08', 12.86, 13.945, 12.55, 13.3, 44900.0, 13.3, 0.03999999999999915, 0.4399999999999995, 1.3755905903364642, 0.0, 0.0, 0.0, -0.01179367547952307
'2014-10-07', 12.82, 12.95, 12.25, 12.9, 66400.0, 12.9, -0.20999999999999908, -0.33999999999999986, 1.3752892726017072, 0.0, 0.0, 0.0, -0.009694673501225774
'2014-10-06', 13.03, 13.2, 12.57, 12.95, 55200.0, 12.95, 0.5099999999999998, -0.6699999999999999, 1.3747860944727204, 0.0, 0.0, 0.0, -0.010360706062931697
'2014-10-03', 12.52, 13.71, 12.52, 13.02, 30800.0, 13.02, 0.09999999999999964, 0.4599999999999991, 1.3747996722755242, 0.0, 0.0, -0.1, -0.005058572949946755
'2014-10-02', 12.42, 12.93, 11.05, 12.49, 38700.0, 12.49, -0.7400000000000002, 0.6199999999999992, 1.3715235344519452, 0.0, 0.0, -0.5, -0.003784219001610311
'2014-10-01', 13.16, 13.77, 11.97, 12.42, 145000.0, 12.42, -0.5399999999999991, 1.0099999999999998, 1.3665382561624666, 0.0, 0.0, -0.8, -0.00835866261398177
'2014-09-30', 13.7, 14.28, 12.61, 13.13, 451300.0, 13.13, 1.6399999999999988, 2.3999999999999986, 1.3664920721809302, -1.0, 0.0, -1.0, 0.0
'2014-09-29', 12.06, 14.21, 12.06, 13.74, 86000.0, 13.74, 0.2599999999999998, 1.625, 1.361440627913437, 0.0, 0.0, -0.8, 0.13598673300165826
'2014-09-26', 11.8, 12.41, 11.57, 12.11, 40400.0, 12.11, -0.34999999999999964, 0.9900000000000002, 1.3491444717136691, 0.0, 0.1, -0.5, 0.08050847457627112
'2014-09-25', 12.15, 12.15, 11.02, 11.8, 80200.0, 11.8, 0.8499999999999996, 0.16000000000000014, 1.3281732337646655, 0.0, 0.5, -0.1, 0.04252400548696842
'2014-09-24', 11.3, 12.24, 11.05, 12.12, 46700.0, 12.12, 0.8650000000000002, -0.7899999999999991, 1.3158989445326805, 0.0, 0.8, 0.0, 0.05309734513274333
'2014-09-23', 10.435, 11.59, 10.01, 11.02, 50400.0, 11.02, -0.375, -0.8449999999999989, 1.270171357206053, 1.0, 1.0, 0.0, 0.06257786296118828
'2014-09-22', 10.81, 10.94, 10.0, 10.11, 38500.0, 10.11, -1.1799999999999997, -1.049999999999999, 1.1618119105756988, 0.0, 0.8, 0.0, 0.04455750847980263
'2014-09-19', 11.99, 11.99, 10.89, 10.89, 71900.0, 10.89, -0.09999999999999964, -0.8200000000000003, 1.0679345714456898, 0.0, 0.5, 0.0, 0.02037412129155247
'2014-09-18', 12.09, 12.09, 11.25, 11.35, 23500.0, 11.35, 0.8100000000000005, -1.6500000000000004, 1.039184928468247, 0.0, 0.1, 0.0, 0.016645988420181963
'2014-09-17', 11.28, 11.66, 11.13, 11.31, 28500.0, 11.31, -0.5800000000000001, -2.9700000000000006, 1.0132314444390285, 0.0, 0.0, 0.0, 0.02383766745468873
'2014-09-16', 11.86, 11.86, 10.93, 11.4, 37300.0, 11.4, -0.9500000000000011, -3.530000000000001, 0.9351420117940497, 0.0, 0.0, 0.0, 0.01551433389544688
